Workbook
Name BĐ: 'List+TK'!$AB$27:$AB$46
Name BT: 'List+TK'!$AB$3:$AB$26
Name CL: 'List+TK'!$AB$69:$AB$79
Name Coso: CS!$B$3:$B$101
Name CT: 'List+TK'!$AB$47:$AB$68
Name Chitieu: 'List+TK'!$D$3:$D$72
Name Ghichu: 'List+TK'!$K$3:$K$5
Name GT: 'List+TK'!$AB$80:$AB$101
Name Huyen: 'List+TK'!$Y$3:$Y$11
Name MCB: 'List+TK'!$AB$102:$AB$114
Name MCN: 'List+TK'!$AB$115:$AB$131
Name Nguoilay: 'List+TK'!$G$3:$G$13
Name Tenmau: 'List+TK'!$C$3:$C$15
Name TP: 'List+TK'!$AB$132:$AB$149
Name TPBT: 'List+TK'!$AB$150:$AB$166

Sheet Thuysan
I2: =SUBTOTAL(3,I4:I343) -> 169 | J2: =SUBTOTAL(3,J4:J343) -> 169 | S2: =SUBTOTAL(9,S4:S172) -> 216 | T2: =SUBTOTAL(3,T4:T343) -> 169 | X2: =SUBTOTAL(3,X4:X343) -> 6
A3: STT | B3: STT | C3: Tên cơ sở | D3: Khu nuôi, ấp | E3: Xã/Phường/TT | F3: Huyện | G3: Tháng | H3: Ngày | I3: Tên mẫu | J3: Chỉ tiêu | K3: Người lấy | L3: Tên vùng nuôi | M3: Mã số | N3: Ao | O3: Tên mẫu | P3: Mã số mẫu | Q3: Vùng nuôi | R3: Cơ sở lấy mẫu | S3: Kg | T3: Chỉ tiêu | U3: Thời gian | V3: Người lấy mẫu | W3: Ao | X3: Ghi chú
A4: =_xlfn.AGGREGATE(3,3,$I$4:I4) -> 1 | B4: 1 | C4: Công ty CP Gò Đàng | D4: Ấp 4 | E4: Xã Tân Xuân | F4: Huyện Ba Tri | G4: 2 | H4: 27 | I4: Cá tra thương phẩm | J4: CV+LCV | K4: Thuận | L4: =IFERROR(IF(F4="Huyện Mỏ Cày Nam","Mỏ Cày",RIGHT(F4,LEN(F4)-6)),"-") -> Ba Tri | M4: =IFERROR(VLOOKUP(L4,'List+TK'!$I$3:$J$9,2,0),"-") -> 83/01 | N4: A2 | O4: =I4 -> Cá tra thương phẩm | P4: ="83/"&IF(LEN(G4)=1,"0"&G4,G4)&"24/"&IF(LEN(B4)=1,"0"&B4,B4) -> 83/0224/01 | Q4: =L4&" "&M4 -> Ba Tri 83/01 | R4: =C4&" - "&D4&", "&E4 -> Công ty CP Gò Đàng - Ấp 4, Xã Tân Xuân | S4: =IF(OR(I4="Tôm chân trắng nhỏ",I4="Tôm sú nhỏ"),0.5,IF(OR(I4="Cá tra nhỏ",I4="Tôm sú thương phẩm",I4="Tôm chân trắng thương phẩm",I4="Tôm sú quảng canh",I4="Nước ương tôm giống"),1,IF(I4="Cá tra thương phẩm",1.5,0))) -> 1.5 | T4: =IFERROR(VLOOKUP(J4,'List+TK'!$D$3:$E$1000,2,0),"-") -> Crystal Violet, Leuco Crystal Violet | U4: =H4&"/"&IF(LEN(G4)=1,"0"&G4,G4)&"/2024" -> 27/02/2024 | V4: =IFERROR(VLOOKUP(K4,'List+TK'!$G$3:$H$16,2,0),"-") -> Phạm Minh Thuận | W4: =IF(N4="","",IF(I4="Nước ương tôm giống","Bể "&N4,"Ao "&N4)) -> Ao A2
A5: =_xlfn.AGGREGATE(3,3,$I$4:I5) -> 2 | B5: 2 | C5: Công ty TNHH Thực Phẩm Vạn Đức | D5: Ấp 6 | E5: Xã Bảo Thạnh | F5: Huyện Ba Tri | G5: 2 | H5: 27 | I5: Cá chẽm nhỏ | J5: A1c | K5: Thuận | L5: =IFERROR(IF(F5="Huyện Mỏ Cày Nam","Mỏ Cày",RIGHT(F5,LEN(F5)-6)),"-") -> Ba Tri | M5: =IFERROR(VLOOKUP(L5,'List+TK'!$I$3:$J$9,2,0),"-") -> 83/01 | N5: B10 | O5: =I5 -> Cá chẽm nhỏ | P5: ="83/"&IF(LEN(G5)=1,"0"&G5,G5)&"24/"&IF(LEN(B5)=1,"0"&B5,B5) -> 83/0224/02 | Q5: =L5&" "&M5 -> Ba Tri 83/01 | R5: =C5&" - "&D5&", "&E5 -> Công ty TNHH Thực Phẩm Vạn Đức - Ấp 6, Xã Bảo Thạnh | S5: 1 | T5: =IFERROR(VLOOKUP(J5,'List+TK'!$D$3:$E$1000,2,0),"-") -> Methyltestosterone | U5: =H5&"/"&IF(LEN(G5)=1,"0"&G5,G5)&"/2024" -> 27/02/2024 | V5: =IFERROR(VLOOKUP(K5,'List+TK'!$G$3:$H$16,2,0),"-") -> Phạm Minh Thuận | W5: =IF(N5="","",IF(I5="Nước ương tôm giống","Bể "&N5,"Ao "&N5)) -> Ao B10
A6: =_xlfn.AGGREGATE(3,3,$I$4:I6) -> 3 | B6: 3 | C6: Công ty TNHH Thực Phẩm Vạn Đức | D6: Ấp 6 | E6: Xã Bảo Thạnh | F6: Huyện Ba Tri | G6: 2 | H6: 27 | I6: Cá chẽm thương phẩm | J6: KLN | K6: Thuận | L6: =IFERROR(IF(F6="Huyện Mỏ Cày Nam","Mỏ Cày",RIGHT(F6,LEN(F6)-6)),"-") -> Ba Tri | M6: =IFERROR(VLOOKUP(L6,'List+TK'!$I$3:$J$9,2,0),"-") -> 83/01 | N6: 6 | O6: =I6 -> Cá chẽm thương phẩm | P6: ="83/"&IF(LEN(G6)=1,"0"&G6,G6)&"24/"&IF(LEN(B6)=1,"0"&B6,B6) -> 83/0224/03 | Q6: =L6&" "&M6 -> Ba Tri 83/01 | R6: =C6&" - "&D6&", "&E6 -> Công ty TNHH Thực Phẩm Vạn Đức - Ấp 6, Xã Bảo Thạnh | S6: 1.5 | T6: =IFERROR(VLOOKUP(J6,'List+TK'!$D$3:$E$1000,2,0),"-") -> Pb, Hg, Cd | U6: =H6&"/"&IF(LEN(G6)=1,"0"&G6,G6)&"/2024" -> 27/02/2024 | V6: =IFERROR(VLOOKUP(K6,'List+TK'!$G$3:$H$16,2,0),"-") -> Phạm Minh Thuận | W6: =IF(N6="","",IF(I6="Nước ương tôm giống","Bể "&N6,"Ao "&N6)) -> Ao 6
A7: =_xlfn.AGGREGATE(3,3,$I$4:I7) -> 4 | B7: 4 | C7: Cao Văn Dước | D7: Ấp 3 | E7: Xã Phú Vang | F7: Huyện Bình Đại | G7: 2 | H7: 27 | I7: Tôm chân trắng nhỏ | J7: Nitroi | K7: Nguyên | L7: =IFERROR(IF(F7="Huyện Mỏ Cày Nam","Mỏ Cày",RIGHT(F7,LEN(F7)-6)),"-") -> Bình Đại | M7: =IFERROR(VLOOKUP(L7,'List+TK'!$I$3:$J$9,2,0),"-") -> 83/02 | N7: 1 | O7: =I7 -> Tôm chân trắng nhỏ | P7: ="83/"&IF(LEN(G7)=1,"0"&G7,G7)&"24/"&IF(LEN(B7)=1,"0"&B7,B7) -> 83/0224/04 | Q7: =L7&" "&M7 -> Bình Đại 83/02 | R7: =C7&" - "&D7&", "&E7 -> Cao Văn Dước - Ấp 3, Xã Phú Vang | S7: =IF(OR(I7="Tôm chân trắng nhỏ",I7="Tôm sú nhỏ"),0.5,IF(OR(I7="Cá tra nhỏ",I7="Tôm sú thương phẩm",I7="Tôm chân trắng thương phẩm",I7="Tôm sú quảng canh",I7="Nước ương tôm giống"),1,IF(I7="Cá tra thương phẩm",1.5,0))) -> 0.5 | T7: =IFERROR(VLOOKUP(J7,'List+TK'!$D$3:$E$1000,2,0),"-") -> Nhóm Nitroimidazoles | U7: =H7&"/"&IF(LEN(G7)=1,"0"&G7,G7)&"/2024" -> 27/02/2024 | V7: =IFERROR(VLOOKUP(K7,'List+TK'!$G$3:$H$16,2,0),"-") -> Cao Quang Nguyên | W7: =IF(N7="","",IF(I7="Nước ương tôm giống","Bể "&N7,"Ao "&N7)) -> Ao 1
A8: =_xlfn.AGGREGATE(3,3,$I$4:I8) -> 5 | B8: 5 | C8: Công ty CP Thủy sản Vinh Quang | D8: Ấp Hưng Thạnh | E8: Xã Châu Hưng | F8: Huyện Bình Đại | G8: 2 | H8: 27 | I8: Cá tra nhỏ | J8: A1c | K8: Nguyên | L8: =IFERROR(IF(F8="Huyện Mỏ Cày Nam","Mỏ Cày",RIGHT(F8,LEN(F8)-6)),"-") -> Bình Đại | M8: =IFERROR(VLOOKUP(L8,'List+TK'!$I$3:$J$9,2,0),"-") -> 83/02 | N8: 1 | O8: =I8 -> Cá tra nhỏ | P8: ="83/"&IF(LEN(G8)=1,"0"&G8,G8)&"24/"&IF(LEN(B8)=1,"0"&B8,B8) -> 83/0224/05 | Q8: =L8&" "&M8 -> Bình Đại 83/02 | R8: =C8&" - "&D8&", "&E8 -> Công ty CP Thủy sản Vinh Quang - Ấp Hưng Thạnh, Xã Châu Hưng | S8: =IF(OR(I8="Tôm chân trắng nhỏ",I8="Tôm sú nhỏ"),0.5,IF(OR(I8="Cá tra nhỏ",I8="Tôm sú thương phẩm",I8="Tôm chân trắng thương phẩm",I8="Tôm sú quảng canh",I8="Nước ương tôm giống"),1,IF(I8="Cá tra thương phẩm",1.5,0))) -> 1 | T8: =IFERROR(VLOOKUP(J8,'List+TK'!$D$3:$E$1000,2,0),"-") -> Methyltestosterone | U8: =H8&"/"&IF(LEN(G8)=1,"0"&G8,G8)&"/2024" -> 27/02/2024 | V8: =IFERROR(VLOOKUP(K8,'List+TK'!$G$3:$H$16,2,0),"-") -> Cao Quang Nguyên | W8: =IF(N8="","",IF(I8="Nước ương tôm giống","Bể "&N8,"Ao "&N8)) -> Ao 1
A9: =_xlfn.AGGREGATE(3,3,$I$4:I9) -> 6 | B9: 6 | C9: Cao Văn Tùng | D9: Ấp An Hòa | E9: Xã An Nhơn | F9: Huyện Thạnh Phú | G9: 2 | H9: 28 | I9: Tôm chân trắng nhỏ | J9: CAP | K9: Nguyên | L9: =IFERROR(IF(F9="Huyện Mỏ Cày Nam","Mỏ Cày",RIGHT(F9,LEN(F9)-6)),"-") -> Thạnh Phú | M9: =IFERROR(VLOOKUP(L9,'List+TK'!$I$3:$J$9,2,0),"-") -> 83/03 | N9: 1 | O9: =I9 -> Tôm chân trắng nhỏ | P9: ="83/"&IF(LEN(G9)=1,"0"&G9,G9)&"24/"&IF(LEN(B9)=1,"0"&B9,B9) -> 83/0224/06 | Q9: =L9&" "&M9 -> Thạnh Phú 83/03 | R9: =C9&" - "&D9&", "&E9 -> Cao Văn Tùng - Ấp An Hòa, Xã An Nhơn | S9: =IF(OR(I9="Tôm chân trắng nhỏ",I9="Tôm sú nhỏ"),0.5,IF(OR(I9="Cá tra nhỏ",I9="Tôm sú thương phẩm",I9="Tôm chân trắng thương phẩm",I9="Tôm sú quảng canh",I9="Nước ương tôm giống"),1,IF(I9="Cá tra thương phẩm",1.5,0))) -> 0.5 | T9: =IFERROR(VLOOKUP(J9,'List+TK'!$D$3:$E$1000,2,0),"-") -> Chloramphenicol | U9: =H9&"/"&IF(LEN(G9)=1,"0"&G9,G9)&"/2024" -> 28/02/2024 | V9: =IFERROR(VLOOKUP(K9,'List+TK'!$G$3:$H$16,2,0),"-") -> Cao Quang Nguyên | W9: =IF(N9="","",IF(I9="Nước ương tôm giống","Bể "&N9,"Ao "&N9)) -> Ao 1
A10: =_xlfn.AGGREGATE(3,3,$I$4:I10) -> 7 | B10: 7 | C10: Công ty CP Gò Đàng | D10: Ấp Phú Luông | E10: Xã Tân Phú | F10: Huyện Châu Thành | G10: 2 | H10: 27 | I10: Cá tra nhỏ | J10: A1c | K10: Khanh | L10: =IFERROR(IF(F10="Huyện Mỏ Cày Nam","Mỏ Cày",RIGHT(F10,LEN(F10)-6)),"-") -> Châu Thành | M10: =IFERROR(VLOOKUP(L10,'List+TK'!$I$3:$J$9,2,0),"-") -> 83/05 | N10: 3 | O10: =I10 -> Cá tra nhỏ | P10: ="83/"&IF(LEN(G10)=1,"0"&G10,G10)&"24/"&IF(LEN(B10)=1,"0"&B10,B10) -> 83/0224/07 | Q10: =L10&" "&M10 -> Châu Thành 83/05 | R10: =C10&" - "&D10&", "&E10 -> Công ty CP Gò Đàng - Ấp Phú Luông, Xã Tân Phú | S10: =IF(OR(I10="Tôm chân trắng nhỏ",I10="Tôm sú nhỏ"),0.5,IF(OR(I10="Cá tra nhỏ",I10="Tôm sú thương phẩm",I10="Tôm chân trắng thương phẩm",I10="Tôm sú quảng canh",I10="Nước ương tôm giống"),1,IF(I10="Cá tra thương phẩm",1.5,0))) -> 1 | T10: =IFERROR(VLOOKUP(J10,'List+TK'!$D$3:$E$1000,2,0),"-") -> Methyltestosterone | U10: =H10&"/"&IF(LEN(G10)=1,"0"&G10,G10)&"/2024" -> 27/02/2024 | V10: =IFERROR(VLOOKUP(K10,'List+TK'!$G$3:$H$16,2,0),"-") -> Nguyễn Duy Khanh | W10: =IF(N10="","",IF(I10="Nước ương tôm giống","Bể "&N10,"Ao "&N10)) -> Ao 3
A11: =_xlfn.AGGREGATE(3,3,$I$4:I11) -> 8 | B11: 8 | C11: Công ty CP Gò Đàng | D11: Ấp Phú Luông | E11: Xã Tân Phú | F11: Huyện Châu Thành | G11: 2 | H11: 27 | I11: Cá tra nhỏ | J11: Nitroi | K11: Khanh | L11: =IFERROR(IF(F11="Huyện Mỏ Cày Nam","Mỏ Cày",RIGHT(F11,LEN(F11)-6)),"-") -> Châu Thành | M11: =IFERROR(VLOOKUP(L11,'List+TK'!$I$3:$J$9,2,0),"-") -> 83/05 | N11: 4 | O11: =I11 -> Cá tra nhỏ | P11: ="83/"&IF(LEN(G11)=1,"0"&G11,G11)&"24/"&IF(LEN(B11)=1,"0"&B11,B11) -> 83/0224/08 | Q11: =L11&" "&M11 -> Châu Thành 83/05 | R11: =C11&" - "&D11&", "&E11 -> Công ty CP Gò Đàng - Ấp Phú Luông, Xã Tân Phú | S11: =IF(OR(I11="Tôm chân trắng nhỏ",I11="Tôm sú nhỏ"),0.5,IF(OR(I11="Cá tra nhỏ",I11="Tôm sú thương phẩm",I11="Tôm chân trắng thương phẩm",I11="Tôm sú quảng canh",I11="Nước ương tôm giống"),1,IF(I11="Cá tra thương phẩm",1.5,0))) -> 1 | T11: =IFERROR(VLOOKUP(J11,'List+TK'!$D$3:$E$1000,2,0),"-") -> Nhóm Nitroimidazoles | U11: =H11&"/"&IF(LEN(G11)=1,"0"&G11,G11)&"/2024" -> 27/02/2024 | V11: =IFERROR(VLOOKUP(K11,'List+TK'!$G$3:$H$16,2,0),"-") -> Nguyễn Duy Khanh | W11: =IF(N11="","",IF(I11="Nước ương tôm giống","Bể "&N11,"Ao "&N11)) -> Ao 4
A12: =_xlfn.AGGREGATE(3,3,$I$4:I12) -> 9 | B12: 9 | C12: Công ty CP Gò Đàng | D12: Ấp Phú Luông | E12: Xã Tân Phú | F12: Huyện Châu Thành | G12: 2 | H12: 27 | I12: Cá tra nhỏ | J12: KLN | K12: Khanh | L12: =IFERROR(IF(F12="Huyện Mỏ Cày Nam","Mỏ Cày",RIGHT(F12,LEN(F12)-6)),"-") -> Châu Thành | M12: =IFERROR(VLOOKUP(L12,'List+TK'!$I$3:$J$9,2,0),"-") -> 83/05 | N12: 5 | O12: =I12 -> Cá tra nhỏ | P12: ="83/"&IF(LEN(G12)=1,"0"&G12,G12)&"24/"&IF(LEN(B12)=1,"0"&B12,B12) -> 83/0224/09 | Q12: =L12&" "&M12 -> Châu Thành 83/05 | R12: =C12&" - "&D12&", "&E12 -> Công ty CP Gò Đàng - Ấp Phú Luông, Xã Tân Phú | S12: =IF(OR(I12="Tôm chân trắng nhỏ",I12="Tôm sú nhỏ"),0.5,IF(OR(I12="Cá tra nhỏ",I12="Tôm sú thương phẩm",I12="Tôm chân trắng thương phẩm",I12="Tôm sú quảng canh",I12="Nước ương tôm giống"),1,IF(I12="Cá tra thương phẩm",1.5,0))) -> 1 | T12: =IFERROR(VLOOKUP(J12,'List+TK'!$D$3:$E$1000,2,0),"-") -> Pb, Hg, Cd | U12: =H12&"/"&IF(LEN(G12)=1,"0"&G12,G12)&"/2024" -> 27/02/2024 | V12: =IFERROR(VLOOKUP(K12,'List+TK'!$G$3:$H$16,2,0),"-") -> Nguyễn Duy Khanh | W12: =IF(N12="","",IF(I12="Nước ương tôm giống","Bể "&N12,"Ao "&N12)) -> Ao 5
A13: =_xlfn.AGGREGATE(3,3,$I$4:I13) -> 10 | B13: 10 | C13: Công ty CP Gò Đàng | D13: Ấp 1 | E13: Xã Sơn Phú | F13: Huyện Giồng Trôm | G13: 2 | H13: 28 | I13: Cá tra nhỏ | J13: A1c | K13: Thuận | L13: =IFERROR(IF(F13="Huyện Mỏ Cày Nam","Mỏ Cày",RIGHT(F13,LEN(F13)-6)),"-") -> Giồng Trôm | M13: =IFERROR(VLOOKUP(L13,'List+TK'!$I$3:$J$9,2,0),"-") -> 83/06 | N13: 2 | O13: =I13 -> Cá tra nhỏ | P13: ="83/"&IF(LEN(G13)=1,"0"&G13,G13)&"24/"&IF(LEN(B13)=1,"0"&B13,B13) -> 83/0224/10 | Q13: =L13&" "&M13 -> Giồng Trôm 83/06 | R13: =C13&" - "&D13&", "&E13 -> Công ty CP Gò Đàng - Ấp 1, Xã Sơn Phú | S13: =IF(OR(I13="Tôm chân trắng nhỏ",I13="Tôm sú nhỏ"),0.5,IF(OR(I13="Cá tra nhỏ",I13="Tôm sú thương phẩm",I13="Tôm chân trắng thương phẩm",I13="Tôm sú quảng canh",I13="Nước ương tôm giống"),1,IF(I13="Cá tra thương phẩm",1.5,0))) -> 1 | T13: =IFERROR(VLOOKUP(J13,'List+TK'!$D$3:$E$1000,2,0),"-") -> Methyltestosterone | U13: =H13&"/"&IF(LEN(G13)=1,"0"&G13,G13)&"/2024" -> 28/02/2024 | V13: =IFERROR(VLOOKUP(K13,'List+TK'!$G$3:$H$16,2,0),"-") -> Phạm Minh Thuận | W13: =IF(N13="","",IF(I13="Nước ương tôm giống","Bể "&N13,"Ao "&N13)) -> Ao 2
A14: =_xlfn.AGGREGATE(3,3,$I$4:I14) -> 11 | B14: 11 | C14: Công ty CP Gò Đàng | D14: Ấp 1 | E14: Xã Sơn Phú | F14: Huyện Giồng Trôm | G14: 2 | H14: 28 | I14: Cá tra thương phẩm | J14: CAP | K14: Thuận | L14: =IFERROR(IF(F14="Huyện Mỏ Cày Nam","Mỏ Cày",RIGHT(F14,LEN(F14)-6)),"-") -> Giồng Trôm | M14: =IFERROR(VLOOKUP(L14,'List+TK'!$I$3:$J$9,2,0),"-") -> 83/06 | N14: 3 | O14: =I14 -> Cá tra thương phẩm | P14: ="83/"&IF(LEN(G14)=1,"0"&G14,G14)&"24/"&IF(LEN(B14)=1,"0"&B14,B14) -> 83/0224/11 | Q14: =L14&" "&M14 -> Giồng Trôm 83/06 | R14: =C14&" - "&D14&", "&E14 -> Công ty CP Gò Đàng - Ấp 1, Xã Sơn Phú | S14: =IF(OR(I14="Tôm chân trắng nhỏ",I14="Tôm sú nhỏ"),0.5,IF(OR(I14="Cá tra nhỏ",I14="Tôm sú thương phẩm",I14="Tôm chân trắng thương phẩm",I14="Tôm sú quảng canh",I14="Nước ương tôm giống"),1,IF(I14="Cá tra thương phẩm",1.5,0))) -> 1.5 | T14: =IFERROR(VLOOKUP(J14,'List+TK'!$D$3:$E$1000,2,0),"-") -> Chloramphenicol | U14: =H14&"/"&IF(LEN(G14)=1,"0"&G14,G14)&"/2024" -> 28/02/2024 | V14: =IFERROR(VLOOKUP(K14,'List+TK'!$G$3:$H$16,2,0),"-") -> Phạm Minh Thuận | W14: =IF(N14="","",IF(I14="Nước ương tôm giống","Bể "&N14,"Ao "&N14)) -> Ao 3
A15: =_xlfn.AGGREGATE(3,3,$I$4:I15) -> 12 | B15: 12 | C15: Công ty CP Gò Đàng | D15: Ấp 1 | E15: Xã Sơn Phú | F15: Huyện Giồng Trôm | G15: 2 | H15: 28 | I15: Cá tra thương phẩm | J15: NF | K15: Thuận | L15: =IFERROR(IF(F15="Huyện Mỏ Cày Nam","Mỏ Cày",RIGHT(F15,LEN(F15)-6)),"-") -> Giồng Trôm | M15: =IFERROR(VLOOKUP(L15,'List+TK'!$I$3:$J$9,2,0),"-") -> 83/06 | N15: 5 | O15: =I15 -> Cá tra thương phẩm | P15: ="83/"&IF(LEN(G15)=1,"0"&G15,G15)&"24/"&IF(LEN(B15)=1,"0"&B15,B15) -> 83/0224/12 | Q15: =L15&" "&M15 -> Giồng Trôm 83/06 | R15: =C15&" - "&D15&", "&E15 -> Công ty CP Gò Đàng - Ấp 1, Xã Sơn Phú | S15: =IF(OR(I15="Tôm chân trắng nhỏ",I15="Tôm sú nhỏ"),0.5,IF(OR(I15="Cá tra nhỏ",I15="Tôm sú thương phẩm",I15="Tôm chân trắng thương phẩm",I15="Tôm sú quảng canh",I15="Nước ương tôm giống"),1,IF(I15="Cá tra thương phẩm",1.5,0))) -> 1.5 | T15: =IFERROR(VLOOKUP(J15,'List+TK'!$D$3:$E$1000,2,0),"-") -> Nitrofurans | U15: =H15&"/"&IF(LEN(G15)=1,"0"&G15,G15)&"/2024" -> 28/02/2024 | V15: =IFERROR(VLOOKUP(K15,'List+TK'!$G$3:$H$16,2,0),"-") -> Phạm Minh Thuận | W15: =IF(N15="","",IF(I15="Nước ương tôm giống","Bể "&N15,"Ao "&N15)) -> Ao 5
A16: =_xlfn.AGGREGATE(3,3,$I$4:I16) -> 13 | B16: 13 | C16: Công ty CP Gò Đàng | D16: Ấp 1 | E16: Xã Sơn Phú | F16: Huyện Giồng Trôm | G16: 2 | H16: 28 | I16: Cá tra thương phẩm | J16: Nitroi | K16: Thuận | L16: =IFERROR(IF(F16="Huyện Mỏ Cày Nam","Mỏ Cày",RIGHT(F16,LEN(F16)-6)),"-") -> Giồng Trôm | M16: =IFERROR(VLOOKUP(L16,'List+TK'!$I$3:$J$9,2,0),"-") -> 83/06 | N16: 6 | O16: =I16 -> Cá tra thương phẩm | P16: ="83/"&IF(LEN(G16)=1,"0"&G16,G16)&"24/"&IF(LEN(B16)=1,"0"&B16,B16) -> 83/0224/13 | Q16: =L16&" "&M16 -> Giồng Trôm 83/06 | R16: =C16&" - "&D16&", "&E16 -> Công ty CP Gò Đàng - Ấp 1, Xã Sơn Phú | S16: =IF(OR(I16="Tôm chân trắng nhỏ",I16="Tôm sú nhỏ"),0.5,IF(OR(I16="Cá tra nhỏ",I16="Tôm sú thương phẩm",I16="Tôm chân trắng thương phẩm",I16="Tôm sú quảng canh",I16="Nước ương tôm giống"),1,IF(I16="Cá tra thương phẩm",1.5,0))) -> 1.5 | T16: =IFERROR(VLOOKUP(J16,'List+TK'!$D$3:$E$1000,2,0),"-") -> Nhóm Nitroimidazoles | U16: =H16&"/"&IF(LEN(G16)=1,"0"&G16,G16)&"/2024" -> 28/02/2024 | V16: =IFERROR(VLOOKUP(K16,'List+TK'!$G$3:$H$16,2,0),"-") -> Phạm Minh Thuận | W16: =IF(N16="","",IF(I16="Nước ương tôm giống","Bể "&N16,"Ao "&N16)) -> Ao 6
A17: =_xlfn.AGGREGATE(3,3,$I$4:I17) -> 14 | B17: 14 | C17: Công ty TNHH CBTPXK Vạn Đức Tiền Giang | D17: Ấp Phú Bình | E17: Xã Vĩnh Bình | F17: Huyện Chợ Lách | G17: 2 | H17: 28 | I17: Cá tra nhỏ | J17: A1c | K17: Khanh | L17: =IFERROR(IF(F17="Huyện Mỏ Cày Nam","Mỏ Cày",RIGHT(F17,LEN(F17)-6)),"-") -> Chợ Lách | M17: =IFERROR(VLOOKUP(L17,'List+TK'!$I$3:$J$9,2,0),"-") -> 83/07 | N17: 23 | O17: =I17 -> Cá tra nhỏ | P17: ="83/"&IF(LEN(G17)=1,"0"&G17,G17)&"24/"&IF(LEN(B17)=1,"0"&B17,B17) -> 83/0224/14 | Q17: =L17&" "&M17 -> Chợ Lách 83/07 | R17: =C17&" - "&D17&", "&E17 -> Công ty TNHH CBTPXK Vạn Đức Tiền Giang - Ấp Phú Bình, Xã Vĩnh Bình | S17: =IF(OR(I17="Tôm chân trắng nhỏ",I17="Tôm sú nhỏ"),0.5,IF(OR(I17="Cá tra nhỏ",I17="Tôm sú thương phẩm",I17="Tôm chân trắng thương phẩm",I17="Tôm sú quảng canh",I17="Nước ương tôm giống"),1,IF(I17="Cá tra thương phẩm",1.5,0))) -> 1 | T17: =IFERROR(VLOOKUP(J17,'List+TK'!$D$3:$E$1000,2,0),"-") -> Methyltestosterone | U17: =H17&"/"&IF(LEN(G17)=1,"0"&G17,G17)&"/2024" -> 28/02/2024 | V17: =IFERROR(VLOOKUP(K17,'List+TK'!$G$3:$H$16,2,0),"-") -> Nguyễn Duy Khanh | W17: =IF(N17="","",IF(I17="Nước ương tôm giống","Bể "&N17,"Ao "&N17)) -> Ao 23
A18: =_xlfn.AGGREGATE(3,3,$I$4:I18) -> 15 | B18: 15 | C18: Công ty TNHH CBTPXK Vạn Đức Tiền Giang | D18: Ấp Phú Bình | E18: Xã Vĩnh Bình | F18: Huyện Chợ Lách | G18: 2 | H18: 28 | I18: Cá tra thương phẩm | J18: Nitroi | K18: Khanh | L18: =IFERROR(IF(F18="Huyện Mỏ Cày Nam","Mỏ Cày",RIGHT(F18,LEN(F18)-6)),"-") -> Chợ Lách | M18: =IFERROR(VLOOKUP(L18,'List+TK'!$I$3:$J$9,2,0),"-") -> 83/07 | N18: 8 | O18: =I18 -> Cá tra thương phẩm | P18: ="83/"&IF(LEN(G18)=1,"0"&G18,G18)&"24/"&IF(LEN(B18)=1,"0"&B18,B18) -> 83/0224/15 | Q18: =L18&" "&M18 -> Chợ Lách 83/07 | R18: =C18&" - "&D18&", "&E18 -> Công ty TNHH CBTPXK Vạn Đức Tiền Giang - Ấp Phú Bình, Xã Vĩnh Bình | S18: =IF(OR(I18="Tôm chân trắng nhỏ",I18="Tôm sú nhỏ"),0.5,IF(OR(I18="Cá tra nhỏ",I18="Tôm sú thương phẩm",I18="Tôm chân trắng thương phẩm",I18="Tôm sú quảng canh",I18="Nước ương tôm giống"),1,IF(I18="Cá tra thương phẩm",1.5,0))) -> 1.5 | T18: =IFERROR(VLOOKUP(J18,'List+TK'!$D$3:$E$1000,2,0),"-") -> Nhóm Nitroimidazoles | U18: =H18&"/"&IF(LEN(G18)=1,"0"&G18,G18)&"/2024" -> 28/02/2024 | V18: =IFERROR(VLOOKUP(K18,'List+TK'!$G$3:$H$16,2,0),"-") -> Nguyễn Duy Khanh | W18: =IF(N18="","",IF(I18="Nước ương tôm giống","Bể "&N18,"Ao "&N18)) -> Ao 8
... A26: =_xlfn.AGGREGATE(3,3,$I$4:I26) -> 23 | B26: 6 | C26: Công ty CP Gò Đàng | D26: Khu A Lộc Thuận, ấp Lộc Sơn | E26: Xã Lộc Thuận | F26: Huyện Bình Đại | G26: 3 | H26: 18 | I26: Cá tra thương phẩm | J26: Azadi | K26: Nguyên | L26: =IFERROR(IF(F26="Huyện Mỏ Cày Nam","Mỏ Cày",RIGHT(F26,LEN(F26)-6)),"-") -> Bình Đại | M26: =IFERROR(VLOOKUP(L26,'List+TK'!$I$3:$J$9,2,0),"-") -> 83/02 | N26: 3 | O26: =I26 -> Cá tra thương phẩm | P26: ="83/"&IF(LEN(G26)=1,"0"&G26,G26)&"24/"&IF(LEN(B26)=1,"0"&B26,B26) -> 83/0324/06 | Q26: =L26&" "&M26 -> Bình Đại 83/02 | R26: =C26&" - "&D26&", "&E26 -> Công ty CP Gò Đàng - Khu A Lộc Thuận, ấp Lộc Sơn, Xã Lộc Thuận | S26: =IF(OR(I26="Tôm chân trắng nhỏ",I26="Tôm sú nhỏ"),0.5,IF(OR(I26="Cá tra nhỏ",I26="Tôm sú thương phẩm",I26="Tôm chân trắng thương phẩm",I26="Tôm sú quảng canh",I26="Nước ương tôm giống"),1,IF(I26="Cá tra thương phẩm",1.5,0))) -> 1.5 | T26: =IFERROR(VLOOKUP(J26,'List+TK'!$D$3:$E$1000,2,0),"-") -> Azadirachtin | U26: =H26&"/"&IF(LEN(G26)=1,"0"&G26,G26)&"/2024" -> 18/03/2024 | V26: =IFERROR(VLOOKUP(K26,'List+TK'!$G$3:$H$16,2,0),"-") -> Cao Quang Nguyên | W26: =IF(N26="","",IF(I26="Nước ương tôm giống","Bể "&N26,"Ao "&N26)) -> Ao 3
A27: =_xlfn.AGGREGATE(3,3,$I$4:I27) -> 24 | B27: 7 | C27: Công ty TNHH Thực Phẩm Vạn Đức | D27: Ấp 7 | E27: Xã Thạnh Phước | F27: Huyện Bình Đại | G27: 3 | H27: 18 | I27: Cá chẽm nhỏ | J27: CAP | K27: Nguyên | L27: =IFERROR(IF(F27="Huyện Mỏ Cày Nam","Mỏ Cày",RIGHT(F27,LEN(F27)-6)),"-") -> Bình Đại | M27: =IFERROR(VLOOKUP(L27,'List+TK'!$I$3:$J$9,2,0),"-") -> 83/02 | N27: B10 | O27: =I27 -> Cá chẽm nhỏ | P27: ="83/"&IF(LEN(G27)=1,"0"&G27,G27)&"24/"&IF(LEN(B27)=1,"0"&B27,B27) -> 83/0324/07 | Q27: =L27&" "&M27 -> Bình Đại 83/02 | R27: =C27&" - "&D27&", "&E27 -> Công ty TNHH Thực Phẩm Vạn Đức - Ấp 7, Xã Thạnh Phước | S27: =IF(OR(I27="Tôm chân trắng nhỏ",I27="Tôm sú nhỏ"),0.5,IF(OR(I27="Cá tra nhỏ",I27="Tôm sú thương phẩm",I27="Tôm chân trắng thương phẩm",I27="Tôm sú quảng canh",I27="Nước ương tôm giống"),1,IF(I27="Cá tra thương phẩm",1.5,0))) -> 0 | T27: =IFERROR(VLOOKUP(J27,'List+TK'!$D$3:$E$1000,2,0),"-") -> Chloramphenicol | U27: =H27&"/"&IF(LEN(G27)=1,"0"&G27,G27)&"/2024" -> 18/03/2024 | V27: =IFERROR(VLOOKUP(K27,'List+TK'!$G$3:$H$16,2,0),"-") -> Cao Quang Nguyên | W27: =IF(N27="","",IF(I27="Nước ương tôm giống","Bể "&N27,"Ao "&N27)) -> Ao B10
A28: =_xlfn.AGGREGATE(3,3,$I$4:I28) -> 25 | B28: 8 | C28: Công ty TNHH Thực Phẩm Vạn Đức | D28: Ấp 7 | E28: Xã Thạnh Phước | F28: Huyện Bình Đại | G28: 3 | H28: 18 | I28: Cá chẽm thương phẩm | J28: NF | K28: Nguyên | L28: =IFERROR(IF(F28="Huyện Mỏ Cày Nam","Mỏ Cày",RIGHT(F28,LEN(F28)-6)),"-") -> Bình Đại | M28: =IFERROR(VLOOKUP(L28,'List+TK'!$I$3:$J$9,2,0),"-") -> 83/02 | N28: A20 | O28: =I28 -> Cá chẽm thương phẩm | P28: ="83/"&IF(LEN(G28)=1,"0"&G28,G28)&"24/"&IF(LEN(B28)=1,"0"&B28,B28) -> 83/0324/08 | Q28: =L28&" "&M28 -> Bình Đại 83/02 | R28: =C28&" - "&D28&", "&E28 -> Công ty TNHH Thực Phẩm Vạn Đức - Ấp 7, Xã Thạnh Phước | S28: =IF(OR(I28="Tôm chân trắng nhỏ",I28="Tôm sú nhỏ"),0.5,IF(OR(I28="Cá tra nhỏ",I28="Tôm sú thương phẩm",I28="Tôm chân trắng thương phẩm",I28="Tôm sú quảng canh",I28="Nước ương tôm giống"),1,IF(I28="Cá tra thương phẩm",1.5,0))) -> 0 | T28: =IFERROR(VLOOKUP(J28,'List+TK'!$D$3:$E$1000,2,0),"-") -> Nitrofurans | U28: =H28&"/"&IF(LEN(G28)=1,"0"&G28,G28)&"/2024" -> 18/03/2024 | V28: =IFERROR(VLOOKUP(K28,'List+TK'!$G$3:$H$16,2,0),"-") -> Cao Quang Nguyên | W28: =IF(N28="","",IF(I28="Nước ương tôm giống","Bể "&N28,"Ao "&N28)) -> Ao A20
A29: =_xlfn.AGGREGATE(3,3,$I$4:I29) -> 26 | B29: 9 | C29: Phạm Văn Cưng | E29: Xã An Thuận | F29: Huyện Thạnh Phú | G29: 3 | H29: 19 | I29: Tôm chân trắng thương phẩm | J29: NF | K29: Nguyên | L29: =IFERROR(IF(F29="Huyện Mỏ Cày Nam","Mỏ Cày",RIGHT(F29,LEN(F29)-6)),"-") -> Thạnh Phú | M29: =IFERROR(VLOOKUP(L29,'List+TK'!$I$3:$J$9,2,0),"-") -> 83/03 | N29: 1 | O29: =I29 -> Tôm chân trắng thương phẩm | P29: ="83/"&IF(LEN(G29)=1,"0"&G29,G29)&"24/"&IF(LEN(B29)=1,"0"&B29,B29) -> 83/0324/09 | Q29: =L29&" "&M29 -> Thạnh Phú 83/03 | R29: =C29&" - "&D29&", "&E29 -> Phạm Văn Cưng - , Xã An Thuận | S29: =IF(OR(I29="Tôm chân trắng nhỏ",I29="Tôm sú nhỏ"),0.5,IF(OR(I29="Cá tra nhỏ",I29="Tôm sú thương phẩm",I29="Tôm chân trắng thương phẩm",I29="Tôm sú quảng canh",I29="Nước ương tôm giống"),1,IF(I29="Cá tra thương phẩm",1.5,0))) -> 1 | T29: =IFERROR(VLOOKUP(J29,'List+TK'!$D$3:$E$1000,2,0),"-") -> Nitrofurans | U29: =H29&"/"&IF(LEN(G29)=1,"0"&G29,G29)&"/2024" -> 19/03/2024 | V29: =IFERROR(VLOOKUP(K29,'List+TK'!$G$3:$H$16,2,0),"-") -> Cao Quang Nguyên | W29: =IF(N29="","",IF(I29="Nước ương tôm giống","Bể "&N29,"Ao "&N29)) -> Ao 1
A30: =_xlfn.AGGREGATE(3,3,$I$4:I30) -> 27 | B30: 10 | C30: Công ty CP Gò Đàng | D30: Ấp Thành Long | E30: Xã Thành Thới A | F30: Huyện Mỏ Cày Nam | G30: 3 | H30: 19 | I30: Cá tra nhỏ | J30: CAP | K30: Thuận | L30: =IFERROR(IF(F30="Huyện Mỏ Cày Nam","Mỏ Cày",RIGHT(F30,LEN(F30)-6)),"-") -> Mỏ Cày | M30: =IFERROR(VLOOKUP(L30,'List+TK'!$I$3:$J$9,2,0),"-") -> 83/04 | N30: 1 | O30: =I30 -> Cá tra nhỏ | P30: ="83/"&IF(LEN(G30)=1,"0"&G30,G30)&"24/"&IF(LEN(B30)=1,"0"&B30,B30) -> 83/0324/10 | Q30: =L30&" "&M30 -> Mỏ Cày 83/04 | R30: =C30&" - "&D30&", "&E30 -> Công ty CP Gò Đàng - Ấp Thành Long, Xã Thành Thới A | S30: =IF(OR(I30="Tôm chân trắng nhỏ",I30="Tôm sú nhỏ"),0.5,IF(OR(I30="Cá tra nhỏ",I30="Tôm sú thương phẩm",I30="Tôm chân trắng thương phẩm",I30="Tôm sú quảng canh",I30="Nước ương tôm giống"),1,IF(I30="Cá tra thương phẩm",1.5,0))) -> 1 | T30: =IFERROR(VLOOKUP(J30,'List+TK'!$D$3:$E$1000,2,0),"-") -> Chloramphenicol | U30: =H30&"/"&IF(LEN(G30)=1,"0"&G30,G30)&"/2024" -> 19/03/2024 | V30: =IFERROR(VLOOKUP(K30,'List+TK'!$G$3:$H$16,2,0),"-") -> Phạm Minh Thuận | W30: =IF(N30="","",IF(I30="Nước ương tôm giống","Bể "&N30,"Ao "&N30)) -> Ao 1
A31: =_xlfn.AGGREGATE(3,3,$I$4:I31) -> 28 | B31: 11 | C31: Công ty CP Gò Đàng | D31: Ấp Thành Long | E31: Xã Thành Thới A | F31: Huyện Mỏ Cày Nam | G31: 3 | H31: 19 | I31: Cá tra nhỏ | J31: NF | K31: Thuận | L31: =IFERROR(IF(F31="Huyện Mỏ Cày Nam","Mỏ Cày",RIGHT(F31,LEN(F31)-6)),"-") -> Mỏ Cày | M31: =IFERROR(VLOOKUP(L31,'List+TK'!$I$3:$J$9,2,0),"-") -> 83/04 | N31: 3 | O31: =I31 -> Cá tra nhỏ | P31: ="83/"&IF(LEN(G31)=1,"0"&G31,G31)&"24/"&IF(LEN(B31)=1,"0"&B31,B31) -> 83/0324/11 | Q31: =L31&" "&M31 -> Mỏ Cày 83/04 | R31: =C31&" - "&D31&", "&E31 -> Công ty CP Gò Đàng - Ấp Thành Long, Xã Thành Thới A | S31: =IF(OR(I31="Tôm chân trắng nhỏ",I31="Tôm sú nhỏ"),0.5,IF(OR(I31="Cá tra nhỏ",I31="Tôm sú thương phẩm",I31="Tôm chân trắng thương phẩm",I31="Tôm sú quảng canh",I31="Nước ương tôm giống"),1,IF(I31="Cá tra thương phẩm",1.5,0))) -> 1 | T31: =IFERROR(VLOOKUP(J31,'List+TK'!$D$3:$E$1000,2,0),"-") -> Nitrofurans | U31: =H31&"/"&IF(LEN(G31)=1,"0"&G31,G31)&"/2024" -> 19/03/2024 | V31: =IFERROR(VLOOKUP(K31,'List+TK'!$G$3:$H$16,2,0),"-") -> Phạm Minh Thuận | W31: =IF(N31="","",IF(I31="Nước ương tôm giống","Bể "&N31,"Ao "&N31)) -> Ao 3
A32: =_xlfn.AGGREGATE(3,3,$I$4:I32) -> 29 | B32: 12 | C32: Trại nuôi cá tra Thành Hưng | D32: Ấp Phú Tân | E32: Xã Phú Túc | F32: Huyện Châu Thành | G32: 3 | H32: 18 | I32: Cá tra thương phẩm | J32: CAP | K32: Khanh | L32: =IFERROR(IF(F32="Huyện Mỏ Cày Nam","Mỏ Cày",RIGHT(F32,LEN(F32)-6)),"-") -> Châu Thành | M32: =IFERROR(VLOOKUP(L32,'List+TK'!$I$3:$J$9,2,0),"-") -> 83/05 | N32: 1 | O32: =I32 -> Cá tra thương phẩm | P32: ="83/"&IF(LEN(G32)=1,"0"&G32,G32)&"24/"&IF(LEN(B32)=1,"0"&B32,B32) -> 83/0324/12 | Q32: =L32&" "&M32 -> Châu Thành 83/05 | R32: =C32&" - "&D32&", "&E32 -> Trại nuôi cá tra Thành Hưng - Ấp Phú Tân, Xã Phú Túc | S32: =IF(OR(I32="Tôm chân trắng nhỏ",I32="Tôm sú nhỏ"),0.5,IF(OR(I32="Cá tra nhỏ",I32="Tôm sú thương phẩm",I32="Tôm chân trắng thương phẩm",I32="Tôm sú quảng canh",I32="Nước ương tôm giống"),1,IF(I32="Cá tra thương phẩm",1.5,0))) -> 1.5 | T32: =IFERROR(VLOOKUP(J32,'List+TK'!$D$3:$E$1000,2,0),"-") -> Chloramphenicol | U32: =H32&"/"&IF(LEN(G32)=1,"0"&G32,G32)&"/2024" -> 18/03/2024 | V32: =IFERROR(VLOOKUP(K32,'List+TK'!$G$3:$H$16,2,0),"-") -> Nguyễn Duy Khanh | W32: =IF(N32="","",IF(I32="Nước ương tôm giống","Bể "&N32,"Ao "&N32)) -> Ao 1
A33: =_xlfn.AGGREGATE(3,3,$I$4:I33) -> 30 | B33: 13 | C33: Trại nuôi cá tra Thành Hưng | D33: Ấp Phú Tân | E33: Xã Phú Túc | F33: Huyện Châu Thành | G33: 3 | H33: 18 | I33: Cá tra thương phẩm | J33: NF | K33: Khanh | L33: =IFERROR(IF(F33="Huyện Mỏ Cày Nam","Mỏ Cày",RIGHT(F33,LEN(F33)-6)),"-") -> Châu Thành | M33: =IFERROR(VLOOKUP(L33,'List+TK'!$I$3:$J$9,2,0),"-") -> 83/05 | N33: 6 | O33: =I33 -> Cá tra thương phẩm | P33: ="83/"&IF(LEN(G33)=1,"0"&G33,G33)&"24/"&IF(LEN(B33)=1,"0"&B33,B33) -> 83/0324/13 | Q33: =L33&" "&M33 -> Châu Thành 83/05 | R33: =C33&" - "&D33&", "&E33 -> Trại nuôi cá tra Thành Hưng - Ấp Phú Tân, Xã Phú Túc | S33: =IF(OR(I33="Tôm chân trắng nhỏ",I33="Tôm sú nhỏ"),0.5,IF(OR(I33="Cá tra nhỏ",I33="Tôm sú thương phẩm",I33="Tôm chân trắng thương phẩm",I33="Tôm sú quảng canh",I33="Nước ương tôm giống"),1,IF(I33="Cá tra thương phẩm",1.5,0))) -> 1.5 | T33: =IFERROR(VLOOKUP(J33,'List+TK'!$D$3:$E$1000,2,0),"-") -> Nitrofurans | U33: =H33&"/"&IF(LEN(G33)=1,"0"&G33,G33)&"/2024" -> 18/03/2024 | V33: =IFERROR(VLOOKUP(K33,'List+TK'!$G$3:$H$16,2,0),"-") -> Nguyễn Duy Khanh | W33: =IF(N33="","",IF(I33="Nước ương tôm giống","Bể "&N33,"Ao "&N33)) -> Ao 6
A34: =_xlfn.AGGREGATE(3,3,$I$4:I34) -> 31 | B34: 14 | C34: Trại nuôi cá tra Thành Hưng | D34: Ấp Phú Tân | E34: Xã Phú Túc | F34: Huyện Châu Thành | G34: 3 | H34: 18 | I34: Cá tra thương phẩm | J34: Orme | K34: Khanh | L34: =IFERROR(IF(F34="Huyện Mỏ Cày Nam","Mỏ Cày",RIGHT(F34,LEN(F34)-6)),"-") -> Châu Thành | M34: =IFERROR(VLOOKUP(L34,'List+TK'!$I$3:$J$9,2,0),"-") -> 83/05 | N34: 8 | O34: =I34 -> Cá tra thương phẩm | P34: ="83/"&IF(LEN(G34)=1,"0"&G34,G34)&"24/"&IF(LEN(B34)=1,"0"&B34,B34) -> 83/0324/14 | Q34: =L34&" "&M34 -> Châu Thành 83/05 | R34: =C34&" - "&D34&", "&E34 -> Trại nuôi cá tra Thành Hưng - Ấp Phú Tân, Xã Phú Túc | S34: =IF(OR(I34="Tôm chân trắng nhỏ",I34="Tôm sú nhỏ"),0.5,IF(OR(I34="Cá tra nhỏ",I34="Tôm sú thương phẩm",I34="Tôm chân trắng thương phẩm",I34="Tôm sú quảng canh",I34="Nước ương tôm giống"),1,IF(I34="Cá tra thương phẩm",1.5,0))) -> 1.5 | T34: =IFERROR(VLOOKUP(J34,'List+TK'!$D$3:$E$1000,2,0),"-") -> Ormetoprim | U34: =H34&"/"&IF(LEN(G34)=1,"0"&G34,G34)&"/2024" -> 18/03/2024 | V34: =IFERROR(VLOOKUP(K34,'List+TK'!$G$3:$H$16,2,0),"-") -> Nguyễn Duy Khanh | W34: =IF(N34="","",IF(I34="Nước ương tôm giống","Bể "&N34,"Ao "&N34)) -> Ao 8
A35: =_xlfn.AGGREGATE(3,3,$I$4:I35) -> 32 | B35: 15 | C35: Công ty CP Gò Đàng | D35: Ấp 1 | E35: Xã Hưng Phong | F35: Huyện Giồng Trôm | G35: 3 | H35: 20 | I35: Cá tra thương phẩm | J35: Nitroi | K35: Thuận | L35: =IFERROR(IF(F35="Huyện Mỏ Cày Nam","Mỏ Cày",RIGHT(F35,LEN(F35)-6)),"-") -> Giồng Trôm | M35: =IFERROR(VLOOKUP(L35,'List+TK'!$I$3:$J$9,2,0),"-") -> 83/06 | N35: 5 | O35: =I35 -> Cá tra thương phẩm | P35: ="83/"&IF(LEN(G35)=1,"0"&G35,G35)&"24/"&IF(LEN(B35)=1,"0"&B35,B35) -> 83/0324/15 | Q35: =L35&" "&M35 -> Giồng Trôm 83/06 | R35: =C35&" - "&D35&", "&E35 -> Công ty CP Gò Đàng - Ấp 1, Xã Hưng Phong | S35: =IF(OR(I35="Tôm chân trắng nhỏ",I35="Tôm sú nhỏ"),0.5,IF(OR(I35="Cá tra nhỏ",I35="Tôm sú thương phẩm",I35="Tôm chân trắng thương phẩm",I35="Tôm sú quảng canh",I35="Nước ương tôm giống"),1,IF(I35="Cá tra thương phẩm",1.5,0))) -> 1.5 | T35: =IFERROR(VLOOKUP(J35,'List+TK'!$D$3:$E$1000,2,0),"-") -> Nhóm Nitroimidazoles | U35: =H35&"/"&IF(LEN(G35)=1,"0"&G35,G35)&"/2024" -> 20/03/2024 | V35: =IFERROR(VLOOKUP(K35,'List+TK'!$G$3:$H$16,2,0),"-") -> Phạm Minh Thuận | W35: =IF(N35="","",IF(I35="Nước ương tôm giống","Bể "&N35,"Ao "&N35)) -> Ao 5
A36: =_xlfn.AGGREGATE(3,3,$I$4:I36) -> 33 | B36: 16 | C36: Công ty CP Gò Đàng | D36: Ấp 1 | E36: Xã Hưng Phong | F36: Huyện Giồng Trôm | G36: 3 | H36: 20 | I36: Cá tra thương phẩm | J36: KLN | K36: Thuận | L36: =IFERROR(IF(F36="Huyện Mỏ Cày Nam","Mỏ Cày",RIGHT(F36,LEN(F36)-6)),"-") -> Giồng Trôm | M36: =IFERROR(VLOOKUP(L36,'List+TK'!$I$3:$J$9,2,0),"-") -> 83/06 | N36: 3 | O36: =I36 -> Cá tra thương phẩm | P36: ="83/"&IF(LEN(G36)=1,"0"&G36,G36)&"24/"&IF(LEN(B36)=1,"0"&B36,B36) -> 83/0324/16 | Q36: =L36&" "&M36 -> Giồng Trôm 83/06 | R36: =C36&" - "&D36&", "&E36 -> Công ty CP Gò Đàng - Ấp 1, Xã Hưng Phong | S36: =IF(OR(I36="Tôm chân trắng nhỏ",I36="Tôm sú nhỏ"),0.5,IF(OR(I36="Cá tra nhỏ",I36="Tôm sú thương phẩm",I36="Tôm chân trắng thương phẩm",I36="Tôm sú quảng canh",I36="Nước ương tôm giống"),1,IF(I36="Cá tra thương phẩm",1.5,0))) -> 1.5 | T36: =IFERROR(VLOOKUP(J36,'List+TK'!$D$3:$E$1000,2,0),"-") -> Pb, Hg, Cd | U36: =H36&"/"&IF(LEN(G36)=1,"0"&G36,G36)&"/2024" -> 20/03/2024 | V36: =IFERROR(VLOOKUP(K36,'List+TK'!$G$3:$H$16,2,0),"-") -> Phạm Minh Thuận | W36: =IF(N36="","",IF(I36="Nước ương tôm giống","Bể "&N36,"Ao "&N36)) -> Ao 3
A37: =_xlfn.AGGREGATE(3,3,$I$4:I37) -> 34 | B37: 17 | C37: Công ty CP Gò Đàng | D37: Ấp 1 | E37: Xã Hưng Phong | F37: Huyện Giồng Trôm | G37: 3 | H37: 20 | I37: Cá tra thương phẩm | J37: Thuốc BVTV | K37: Thuận | L37: =IFERROR(IF(F37="Huyện Mỏ Cày Nam","Mỏ Cày",RIGHT(F37,LEN(F37)-6)),"-") -> Giồng Trôm | M37: =IFERROR(VLOOKUP(L37,'List+TK'!$I$3:$J$9,2,0),"-") -> 83/06 | N37: 2 | O37: =I37 -> Cá tra thương phẩm | P37: ="83/"&IF(LEN(G37)=1,"0"&G37,G37)&"24/"&IF(LEN(B37)=1,"0"&B37,B37) -> 83/0324/17 | Q37: =L37&" "&M37 -> Giồng Trôm 83/06 | R37: =C37&" - "&D37&", "&E37 -> Công ty CP Gò Đàng - Ấp 1, Xã Hưng Phong | S37: =IF(OR(I37="Tôm chân trắng nhỏ",I37="Tôm sú nhỏ"),0.5,IF(OR(I37="Cá tra nhỏ",I37="Tôm sú thương phẩm",I37="Tôm chân trắng thương phẩm",I37="Tôm sú quảng canh",I37="Nước ương tôm giống"),1,IF(I37="Cá tra thương phẩm",1.5,0))) -> 1.5 | T37: =IFERROR(VLOOKUP(J37,'List+TK'!$D$3:$E$1000,2,0),"-") -> Thuốc trừ sâu gốc Chlor hữu cơ; phospho hữu cơ; cúc tổng hợp… | U37: =H37&"/"&IF(LEN(G37)=1,"0"&G37,G37)&"/2024" -> 20/03/2024 | V37: =IFERROR(VLOOKUP(K37,'List+TK'!$G$3:$H$16,2,0),"-") -> Phạm Minh Thuận | W37: =IF(N37="","",IF(I37="Nước ương tôm giống","Bể "&N37,"Ao "&N37)) -> Ao 2
A38: =_xlfn.AGGREGATE(3,3,$I$4:I38) -> 35 | B38: 18 | C38: Công ty CP Thủy sản Vinh Quang | D38: Ấp Quân Bình | E38: Xã Tân Thiềng | F38: Huyện Chợ Lách | G38: 3 | H38: 19 | I38: Cá tra thương phẩm | J38: MG+LMG | K38: Khanh | L38: =IFERROR(IF(F38="Huyện Mỏ Cày Nam","Mỏ Cày",RIGHT(F38,LEN(F38)-6)),"-") -> Chợ Lách | M38: =IFERROR(VLOOKUP(L38,'List+TK'!$I$3:$J$9,2,0),"-") -> 83/07 | N38: 1B | O38: =I38 -> Cá tra thương phẩm | P38: ="83/"&IF(LEN(G38)=1,"0"&G38,G38)&"24/"&IF(LEN(B38)=1,"0"&B38,B38) -> 83/0324/18 | Q38: =L38&" "&M38 -> Chợ Lách 83/07 | R38: =C38&" - "&D38&", "&E38 -> Công ty CP Thủy sản Vinh Quang - Ấp Quân Bình, Xã Tân Thiềng | S38: =IF(OR(I38="Tôm chân trắng nhỏ",I38="Tôm sú nhỏ"),0.5,IF(OR(I38="Cá tra nhỏ",I38="Tôm sú thương phẩm",I38="Tôm chân trắng thương phẩm",I38="Tôm sú quảng canh",I38="Nước ương tôm giống"),1,IF(I38="Cá tra thương phẩm",1.5,0))) -> 1.5 | T38: =IFERROR(VLOOKUP(J38,'List+TK'!$D$3:$E$1000,2,0),"-") -> Malachite Green, Leuco Malachite Green | U38: =H38&"/"&IF(LEN(G38)=1,"0"&G38,G38)&"/2024" -> 19/03/2024 | V38: =IFERROR(VLOOKUP(K38,'List+TK'!$G$3:$H$16,2,0),"-") -> Nguyễn Duy Khanh | W38: =IF(N38="","",IF(I38="Nước ương tôm giống","Bể "&N38,"Ao "&N38)) -> Ao 1B
A39: =_xlfn.AGGREGATE(3,3,$I$4:I39) -> 36 | B39: 19 | C39: Công ty CP Thủy sản Vinh Quang | D39: Ấp Quân Bình | E39: Xã Tân Thiềng | F39: Huyện Chợ Lách | G39: 3 | H39: 19 | I39: Cá tra thương phẩm | J39: Iver | K39: Khanh | L39: =IFERROR(IF(F39="Huyện Mỏ Cày Nam","Mỏ Cày",RIGHT(F39,LEN(F39)-6)),"-") -> Chợ Lách | M39: =IFERROR(VLOOKUP(L39,'List+TK'!$I$3:$J$9,2,0),"-") -> 83/07 | N39: 3B | O39: =I39 -> Cá tra thương phẩm | P39: ="83/"&IF(LEN(G39)=1,"0"&G39,G39)&"24/"&IF(LEN(B39)=1,"0"&B39,B39) -> 83/0324/19 | Q39: =L39&" "&M39 -> Chợ Lách 83/07 | R39: =C39&" - "&D39&", "&E39 -> Công ty CP Thủy sản Vinh Quang - Ấp Quân Bình, Xã Tân Thiềng | S39: =IF(OR(I39="Tôm chân trắng nhỏ",I39="Tôm sú nhỏ"),0.5,IF(OR(I39="Cá tra nhỏ",I39="Tôm sú thương phẩm",I39="Tôm chân trắng thương phẩm",I39="Tôm sú quảng canh",I39="Nước ương tôm giống"),1,IF(I39="Cá tra thương phẩm",1.5,0))) -> 1.5 | T39: =IFERROR(VLOOKUP(J39,'List+TK'!$D$3:$E$1000,2,0),"-") -> Ivermectin | U39: =H39&"/"&IF(LEN(G39)=1,"0"&G39,G39)&"/2024" -> 19/03/2024 | V39: =IFERROR(VLOOKUP(K39,'List+TK'!$G$3:$H$16,2,0),"-") -> Nguyễn Duy Khanh | W39: =IF(N39="","",IF(I39="Nước ương tôm giống","Bể "&N39,"Ao "&N39)) -> Ao 3B
A40: =_xlfn.AGGREGATE(3,3,$I$4:I40) -> 37 | B40: 20 | C40: Công ty CP Thủy sản Vinh Quang | D40: Ấp Quân Bình | E40: Xã Tân Thiềng | F40: Huyện Chợ Lách | G40: 3 | H40: 19 | I40: Cá tra thương phẩm | J40: Aver | K40: Khanh | L40: =IFERROR(IF(F40="Huyện Mỏ Cày Nam","Mỏ Cày",RIGHT(F40,LEN(F40)-6)),"-") -> Chợ Lách | M40: =IFERROR(VLOOKUP(L40,'List+TK'!$I$3:$J$9,2,0),"-") -> 83/07 | N40: 1 | O40: =I40 -> Cá tra thương phẩm | P40: ="83/"&IF(LEN(G40)=1,"0"&G40,G40)&"24/"&IF(LEN(B40)=1,"0"&B40,B40) -> 83/0324/20 | Q40: =L40&" "&M40 -> Chợ Lách 83/07 | R40: =C40&" - "&D40&", "&E40 -> Công ty CP Thủy sản Vinh Quang - Ấp Quân Bình, Xã Tân Thiềng | S40: =IF(OR(I40="Tôm chân trắng nhỏ",I40="Tôm sú nhỏ"),0.5,IF(OR(I40="Cá tra nhỏ",I40="Tôm sú thương phẩm",I40="Tôm chân trắng thương phẩm",I40="Tôm sú quảng canh",I40="Nước ương tôm giống"),1,IF(I40="Cá tra thương phẩm",1.5,0))) -> 1.5 | T40: =IFERROR(VLOOKUP(J40,'List+TK'!$D$3:$E$1000,2,0),"-") -> Avermectin B1a (Abarmectin B1a) | U40: =H40&"/"&IF(LEN(G40)=1,"0"&G40,G40)&"/2024" -> 19/03/2024 | V40: =IFERROR(VLOOKUP(K40,'List+TK'!$G$3:$H$16,2,0),"-") -> Nguyễn Duy Khanh | W40: =IF(N40="","",IF(I40="Nước ương tôm giống","Bể "&N40,"Ao "&N40)) -> Ao 1
A41: =_xlfn.AGGREGATE(3,3,$I$4:I41) -> 38 | B41: 21 | C41: Công ty CP Thủy sản Vinh Quang | D41: Ấp Quân Bình | E41: Xã Tân Thiềng | F41: Huyện Chợ Lách | G41: 3 | H41: 19 | I41: Cá tra thương phẩm | J41: Praz | K41: Khanh | L41: =IFERROR(IF(F41="Huyện Mỏ Cày Nam","Mỏ Cày",RIGHT(F41,LEN(F41)-6)),"-") -> Chợ Lách | M41: =IFERROR(VLOOKUP(L41,'List+TK'!$I$3:$J$9,2,0),"-") -> 83/07 | N41: 3 | O41: =I41 -> Cá tra thương phẩm | P41: ="83/"&IF(LEN(G41)=1,"0"&G41,G41)&"24/"&IF(LEN(B41)=1,"0"&B41,B41) -> 83/0324/21 | Q41: =L41&" "&M41 -> Chợ Lách 83/07 | R41: =C41&" - "&D41&", "&E41 -> Công ty CP Thủy sản Vinh Quang - Ấp Quân Bình, Xã Tân Thiềng | S41: =IF(OR(I41="Tôm chân trắng nhỏ",I41="Tôm sú nhỏ"),0.5,IF(OR(I41="Cá tra nhỏ",I41="Tôm sú thương phẩm",I41="Tôm chân trắng thương phẩm",I41="Tôm sú quảng canh",I41="Nước ương tôm giống"),1,IF(I41="Cá tra thương phẩm",1.5,0))) -> 1.5 | T41: =IFERROR(VLOOKUP(J41,'List+TK'!$D$3:$E$1000,2,0),"-") -> Praziquantel | U41: =H41&"/"&IF(LEN(G41)=1,"0"&G41,G41)&"/2024" -> 19/03/2024 | V41: =IFERROR(VLOOKUP(K41,'List+TK'!$G$3:$H$16,2,0),"-") -> Nguyễn Duy Khanh | W41: =IF(N41="","",IF(I41="Nước ương tôm giống","Bể "&N41,"Ao "&N41)) -> Ao 3
A42: =_xlfn.AGGREGATE(3,3,$I$4:I42) -> 39 | B42: 22 | C42: Công ty CP Thủy sản Vinh Quang | D42: Ấp Quân Bình | E42: Xã Sơn Định | F42: Huyện Chợ Lách | G42: 3 | H42: 19 | I42: Cá tra thương phẩm | J42: Trich | K42: Khanh | L42: =IFERROR(IF(F42="Huyện Mỏ Cày Nam","Mỏ Cày",RIGHT(F42,LEN(F42)-6)),"-") -> Chợ Lách | M42: =IFERROR(VLOOKUP(L42,'List+TK'!$I$3:$J$9,2,0),"-") -> 83/07 | N42: 4 | O42: =I42 -> Cá tra thương phẩm | P42: ="83/"&IF(LEN(G42)=1,"0"&G42,G42)&"24/"&IF(LEN(B42)=1,"0"&B42,B42) -> 83/0324/22 | Q42: =L42&" "&M42 -> Chợ Lách 83/07 | R42: =C42&" - "&D42&", "&E42 -> Công ty CP Thủy sản Vinh Quang - Ấp Quân Bình, Xã Sơn Định | S42: =IF(OR(I42="Tôm chân trắng nhỏ",I42="Tôm sú nhỏ"),0.5,IF(OR(I42="Cá tra nhỏ",I42="Tôm sú thương phẩm",I42="Tôm chân trắng thương phẩm",I42="Tôm sú quảng canh",I42="Nước ương tôm giống"),1,IF(I42="Cá tra thương phẩm",1.5,0))) -> 1.5 | T42: =IFERROR(VLOOKUP(J42,'List+TK'!$D$3:$E$1000,2,0),"-") -> Trichlorfon (Dipterex) | U42: =H42&"/"&IF(LEN(G42)=1,"0"&G42,G42)&"/2024" -> 19/03/2024 | V42: =IFERROR(VLOOKUP(K42,'List+TK'!$G$3:$H$16,2,0),"-") -> Nguyễn Duy Khanh | W42: =IF(N42="","",IF(I42="Nước ương tôm giống","Bể "&N42,"Ao "&N42)) -> Ao 4
A43: =_xlfn.AGGREGATE(3,3,$I$4:I43) -> 40 | B43: 1 | C43: Nguyễn Văn Út | D43: Ấp 7 | E43: Thị Trấn Tiệm Tôm | F43: Huyện Ba Tri | G43: 4 | H43: 09 | I43: Tôm sú thương phẩm | J43: NF | K43: Thuận | L43: =IFERROR(IF(F43="Huyện Mỏ Cày Nam","Mỏ Cày",RIGHT(F43,LEN(F43)-6)),"-") -> Ba Tri | M43: =IFERROR(VLOOKUP(L43,'List+TK'!$I$3:$J$9,2,0),"-") -> 83/01 | N43: 1 | O43: =I43 -> Tôm sú thương phẩm | P43: ="83/"&IF(LEN(G43)=1,"0"&G43,G43)&"24/"&IF(LEN(B43)=1,"0"&B43,B43) -> 83/0424/01 | Q43: =L43&" "&M43 -> Ba Tri 83/01 | R43: =C43&" - "&D43&", "&E43 -> Nguyễn Văn Út - Ấp 7, Thị Trấn Tiệm Tôm | S43: =IF(OR(I43="Tôm chân trắng nhỏ",I43="Tôm sú nhỏ"),0.5,IF(OR(I43="Cá tra nhỏ",I43="Tôm sú thương phẩm",I43="Tôm chân trắng thương phẩm",I43="Tôm sú quảng canh",I43="Nước ương tôm giống"),1,IF(I43="Cá tra thương phẩm",1.5,0))) -> 1 | T43: =IFERROR(VLOOKUP(J43,'List+TK'!$D$3:$E$1000,2,0),"-") -> Nitrofurans | U43: =H43&"/"&IF(LEN(G43)=1,"0"&G43,G43)&"/2024" -> 09/04/2024 | V43: =IFERROR(VLOOKUP(K43,'List+TK'!$G$3:$H$16,2,0),"-") -> Phạm Minh Thuận | W43: =IF(N43="","",IF(I43="Nước ương tôm giống","Bể "&N43,"Ao "&N43)) -> Ao 1
A44: =_xlfn.AGGREGATE(3,3,$I$4:I44) -> 41 | B44: 2 | C44: Phạm Văn Tư | D44: Ấp 8 | E44: Thị Trấn Tiệm Tôm | F44: Huyện Ba Tri | G44: 4 | H44: 09 | I44: Tôm chân trắng nhỏ | J44: NF | K44: Thuận | L44: =IFERROR(IF(F44="Huyện Mỏ Cày Nam","Mỏ Cày",RIGHT(F44,LEN(F44)-6)),"-") -> Ba Tri | M44: =IFERROR(VLOOKUP(L44,'List+TK'!$I$3:$J$9,2,0),"-") -> 83/01 | N44: 2 | O44: =I44 -> Tôm chân trắng nhỏ | P44: ="83/"&IF(LEN(G44)=1,"0"&G44,G44)&"24/"&IF(LEN(B44)=1,"0"&B44,B44) -> 83/0424/02 | Q44: =L44&" "&M44 -> Ba Tri 83/01 | R44: =C44&" - "&D44&", "&E44 -> Phạm Văn Tư - Ấp 8, Thị Trấn Tiệm Tôm | S44: =IF(OR(I44="Tôm chân trắng nhỏ",I44="Tôm sú nhỏ"),0.5,IF(OR(I44="Cá tra nhỏ",I44="Tôm sú thương phẩm",I44="Tôm chân trắng thương phẩm",I44="Tôm sú quảng canh",I44="Nước ương tôm giống"),1,IF(I44="Cá tra thương phẩm",1.5,0))) -> 0.5 | T44: =IFERROR(VLOOKUP(J44,'List+TK'!$D$3:$E$1000,2,0),"-") -> Nitrofurans | U44: =H44&"/"&IF(LEN(G44)=1,"0"&G44,G44)&"/2024" -> 09/04/2024 | V44: =IFERROR(VLOOKUP(K44,'List+TK'!$G$3:$H$16,2,0),"-") -> Phạm Minh Thuận | W44: =IF(N44="","",IF(I44="Nước ương tôm giống","Bể "&N44,"Ao "&N44)) -> Ao 2
A45: =_xlfn.AGGREGATE(3,3,$I$4:I45) -> 42 | B45: 3 | C45: Công ty TNHH Thực Phẩm Vạn Đức | D45: Ấp 6 | E45: Xã Bảo Thạnh | F45: Huyện Ba Tri | G45: 4 | H45: 09 | I45: Cá chẽm thương phẩm | J45: CV+LCV | K45: Thuận | L45: =IFERROR(IF(F45="Huyện Mỏ Cày Nam","Mỏ Cày",RIGHT(F45,LEN(F45)-6)),"-") -> Ba Tri | M45: =IFERROR(VLOOKUP(L45,'List+TK'!$I$3:$J$9,2,0),"-") -> 83/01 | N45: A10 | O45: =I45 -> Cá chẽm thương phẩm | P45: ="83/"&IF(LEN(G45)=1,"0"&G45,G45)&"24/"&IF(LEN(B45)=1,"0"&B45,B45) -> 83/0424/03 | Q45: =L45&" "&M45 -> Ba Tri 83/01 | R45: =C45&" - "&D45&", "&E45 -> Công ty TNHH Thực Phẩm Vạn Đức - Ấp 6, Xã Bảo Thạnh | S45: =IF(OR(I45="Tôm chân trắng nhỏ",I45="Tôm sú nhỏ"),0.5,IF(OR(I45="Cá tra nhỏ",I45="Tôm sú thương phẩm",I45="Tôm chân trắng thương phẩm",I45="Tôm sú quảng canh",I45="Nước ương tôm giống"),1,IF(I45="Cá tra thương phẩm",1.5,0))) -> 0 | T45: =IFERROR(VLOOKUP(J45,'List+TK'!$D$3:$E$1000,2,0),"-") -> Crystal Violet, Leuco Crystal Violet | U45: =H45&"/"&IF(LEN(G45)=1,"0"&G45,G45)&"/2024" -> 09/04/2024 | V45: =IFERROR(VLOOKUP(K45,'List+TK'!$G$3:$H$16,2,0),"-") -> Phạm Minh Thuận | W45: =IF(N45="","",IF(I45="Nước ương tôm giống","Bể "&N45,"Ao "&N45)) -> Ao A10
A46: =_xlfn.AGGREGATE(3,3,$I$4:I46) -> 43 | B46: 4 | C46: Nguyễn Văn Mười | D46: Ấp Bình Thạnh 3 | E46: Xã Thạnh Trị | F46: Huyện Bình Đại | G46: 4 | H46: 09 | I46: Tôm sú thương phẩm | J46: MG+LMG | K46: Nguyên | L46: =IFERROR(IF(F46="Huyện Mỏ Cày Nam","Mỏ Cày",RIGHT(F46,LEN(F46)-6)),"-") -> Bình Đại | M46: =IFERROR(VLOOKUP(L46,'List+TK'!$I$3:$J$9,2,0),"-") -> 83/02 | N46: 1 | O46: =I46 -> Tôm sú thương phẩm | P46: ="83/"&IF(LEN(G46)=1,"0"&G46,G46)&"24/"&IF(LEN(B46)=1,"0"&B46,B46) -> 83/0424/04 | Q46: =L46&" "&M46 -> Bình Đại 83/02 | R46: =C46&" - "&D46&", "&E46 -> Nguyễn Văn Mười - Ấp Bình Thạnh 3, Xã Thạnh Trị | S46: =IF(OR(I46="Tôm chân trắng nhỏ",I46="Tôm sú nhỏ"),0.5,IF(OR(I46="Cá tra nhỏ",I46="Tôm sú thương phẩm",I46="Tôm chân trắng thương phẩm",I46="Tôm sú quảng canh",I46="Nước ương tôm giống"),1,IF(I46="Cá tra thương phẩm",1.5,0))) -> 1 | T46: =IFERROR(VLOOKUP(J46,'List+TK'!$D$3:$E$1000,2,0),"-") -> Malachite Green, Leuco Malachite Green | U46: =H46&"/"&IF(LEN(G46)=1,"0"&G46,G46)&"/2024" -> 09/04/2024 | V46: =IFERROR(VLOOKUP(K46,'List+TK'!$G$3:$H$16,2,0),"-") -> Cao Quang Nguyên | W46: =IF(N46="","",IF(I46="Nước ương tôm giống","Bể "&N46,"Ao "&N46)) -> Ao 1
A47: =_xlfn.AGGREGATE(3,3,$I$4:I47) -> 44 | B47: 5 | C47: Nguyễn Văn Mười | D47: Ấp Bình Thạnh 3 | E47: Xã Thạnh Trị | F47: Huyện Bình Đại | G47: 4 | H47: 09 | I47: Tôm chân trắng thương phẩm | J47: Orme | K47: Nguyên | L47: =IFERROR(IF(F47="Huyện Mỏ Cày Nam","Mỏ Cày",RIGHT(F47,LEN(F47)-6)),"-") -> Bình Đại | M47: =IFERROR(VLOOKUP(L47,'List+TK'!$I$3:$J$9,2,0),"-") -> 83/02 | N47: 2 | O47: =I47 -> Tôm chân trắng thương phẩm | P47: ="83/"&IF(LEN(G47)=1,"0"&G47,G47)&"24/"&IF(LEN(B47)=1,"0"&B47,B47) -> 83/0424/05 | Q47: =L47&" "&M47 -> Bình Đại 83/02 | R47: =C47&" - "&D47&", "&E47 -> Nguyễn Văn Mười - Ấp Bình Thạnh 3, Xã Thạnh Trị | S47: =IF(OR(I47="Tôm chân trắng nhỏ",I47="Tôm sú nhỏ"),0.5,IF(OR(I47="Cá tra nhỏ",I47="Tôm sú thương phẩm",I47="Tôm chân trắng thương phẩm",I47="Tôm sú quảng canh",I47="Nước ương tôm giống"),1,IF(I47="Cá tra thương phẩm",1.5,0))) -> 1 | T47: =IFERROR(VLOOKUP(J47,'List+TK'!$D$3:$E$1000,2,0),"-") -> Ormetoprim | U47: =H47&"/"&IF(LEN(G47)=1,"0"&G47,G47)&"/2024" -> 09/04/2024 | V47: =IFERROR(VLOOKUP(K47,'List+TK'!$G$3:$H$16,2,0),"-") -> Cao Quang Nguyên | W47: =IF(N47="","",IF(I47="Nước ương tôm giống","Bể "&N47,"Ao "&N47)) -> Ao 2
A48: =_xlfn.AGGREGATE(3,3,$I$4:I48) -> 45 | B48: 6 | C48: Công ty CP Gò Đàng | D48: Ấp Hưng Thạnh | E48: Xã Châu Hưng | F48: Huyện Bình Đại | G48: 4 | H48: 09 | I48: Cá tra thương phẩm | J48: MG+LMG | K48: Nguyên | L48: =IFERROR(IF(F48="Huyện Mỏ Cày Nam","Mỏ Cày",RIGHT(F48,LEN(F48)-6)),"-") -> Bình Đại | M48: =IFERROR(VLOOKUP(L48,'List+TK'!$I$3:$J$9,2,0),"-") -> 83/02 | N48: 1 | O48: =I48 -> Cá tra thương phẩm | P48: ="83/"&IF(LEN(G48)=1,"0"&G48,G48)&"24/"&IF(LEN(B48)=1,"0"&B48,B48) -> 83/0424/06 | Q48: =L48&" "&M48 -> Bình Đại 83/02 | R48: =C48&" - "&D48&", "&E48 -> Công ty CP Gò Đàng - Ấp Hưng Thạnh, Xã Châu Hưng | S48: =IF(OR(I48="Tôm chân trắng nhỏ",I48="Tôm sú nhỏ"),0.5,IF(OR(I48="Cá tra nhỏ",I48="Tôm sú thương phẩm",I48="Tôm chân trắng thương phẩm",I48="Tôm sú quảng canh",I48="Nước ương tôm giống"),1,IF(I48="Cá tra thương phẩm",1.5,0))) -> 1.5 | T48: =IFERROR(VLOOKUP(J48,'List+TK'!$D$3:$E$1000,2,0),"-") -> Malachite Green, Leuco Malachite Green | U48: =H48&"/"&IF(LEN(G48)=1,"0"&G48,G48)&"/2024" -> 09/04/2024 | V48: =IFERROR(VLOOKUP(K48,'List+TK'!$G$3:$H$16,2,0),"-") -> Cao Quang Nguyên | W48: =IF(N48="","",IF(I48="Nước ương tôm giống","Bể "&N48,"Ao "&N48)) -> Ao 1
A49: =_xlfn.AGGREGATE(3,3,$I$4:I49) -> 46 | B49: 7 | C49: Công ty CP Gò Đàng | D49: Ấp Hưng Thạnh | E49: Xã Châu Hưng | F49: Huyện Bình Đại | G49: 4 | H49: 09 | I49: Cá tra thương phẩm | J49: KLN | K49: Nguyên | L49: =IFERROR(IF(F49="Huyện Mỏ Cày Nam","Mỏ Cày",RIGHT(F49,LEN(F49)-6)),"-") -> Bình Đại | M49: =IFERROR(VLOOKUP(L49,'List+TK'!$I$3:$J$9,2,0),"-") -> 83/02 | N49: 3 | O49: =I49 -> Cá tra thương phẩm | P49: ="83/"&IF(LEN(G49)=1,"0"&G49,G49)&"24/"&IF(LEN(B49)=1,"0"&B49,B49) -> 83/0424/07 | Q49: =L49&" "&M49 -> Bình Đại 83/02 | R49: =C49&" - "&D49&", "&E49 -> Công ty CP Gò Đàng - Ấp Hưng Thạnh, Xã Châu Hưng | S49: =IF(OR(I49="Tôm chân trắng nhỏ",I49="Tôm sú nhỏ"),0.5,IF(OR(I49="Cá tra nhỏ",I49="Tôm sú thương phẩm",I49="Tôm chân trắng thương phẩm",I49="Tôm sú quảng canh",I49="Nước ương tôm giống"),1,IF(I49="Cá tra thương phẩm",1.5,0))) -> 1.5 | T49: =IFERROR(VLOOKUP(J49,'List+TK'!$D$3:$E$1000,2,0),"-") -> Pb, Hg, Cd | U49: =H49&"/"&IF(LEN(G49)=1,"0"&G49,G49)&"/2024" -> 09/04/2024 | V49: =IFERROR(VLOOKUP(K49,'List+TK'!$G$3:$H$16,2,0),"-") -> Cao Quang Nguyên | W49: =IF(N49="","",IF(I49="Nước ương tôm giống","Bể "&N49,"Ao "&N49)) -> Ao 3
A50: =_xlfn.AGGREGATE(3,3,$I$4:I50) -> 47 | B50: 8 | C50: Công ty CP Thủy sản Vinh Quang | D50: Ấp Hưng Nhơn | E50: Xã Châu Hưng | F50: Huyện Bình Đại | G50: 4 | H50: 09 | I50: Cá tra thương phẩm | J50: Thuốc BVTV | K50: Nguyên | L50: =IFERROR(IF(F50="Huyện Mỏ Cày Nam","Mỏ Cày",RIGHT(F50,LEN(F50)-6)),"-") -> Bình Đại | M50: =IFERROR(VLOOKUP(L50,'List+TK'!$I$3:$J$9,2,0),"-") -> 83/02 | N50: 3 | O50: =I50 -> Cá tra thương phẩm | P50: ="83/"&IF(LEN(G50)=1,"0"&G50,G50)&"24/"&IF(LEN(B50)=1,"0"&B50,B50) -> 83/0424/08 | Q50: =L50&" "&M50 -> Bình Đại 83/02 | R50: =C50&" - "&D50&", "&E50 -> Công ty CP Thủy sản Vinh Quang - Ấp Hưng Nhơn, Xã Châu Hưng | S50: =IF(OR(I50="Tôm chân trắng nhỏ",I50="Tôm sú nhỏ"),0.5,IF(OR(I50="Cá tra nhỏ",I50="Tôm sú thương phẩm",I50="Tôm chân trắng thương phẩm",I50="Tôm sú quảng canh",I50="Nước ương tôm giống"),1,IF(I50="Cá tra thương phẩm",1.5,0))) -> 1.5 | T50: =IFERROR(VLOOKUP(J50,'List+TK'!$D$3:$E$1000,2,0),"-") -> Thuốc trừ sâu gốc Chlor hữu cơ; phospho hữu cơ; cúc tổng hợp… | U50: =H50&"/"&IF(LEN(G50)=1,"0"&G50,G50)&"/2024" -> 09/04/2024 | V50: =IFERROR(VLOOKUP(K50,'List+TK'!$G$3:$H$16,2,0),"-") -> Cao Quang Nguyên | W50: =IF(N50="","",IF(I50="Nước ương tôm giống","Bể "&N50,"Ao "&N50)) -> Ao 3
A51: =_xlfn.AGGREGATE(3,3,$I$4:I51) -> 48 | B51: 9 | C51: Phạm Văn Triều | D51: Ấp 4 | E51: Xã Thạnh Phong | F51: Huyện Thạnh Phú | G51: 4 | H51: 10 | I51: Tôm sú thương phẩm | J51: Iver | K51: Nguyên | L51: =IFERROR(IF(F51="Huyện Mỏ Cày Nam","Mỏ Cày",RIGHT(F51,LEN(F51)-6)),"-") -> Thạnh Phú | M51: =IFERROR(VLOOKUP(L51,'List+TK'!$I$3:$J$9,2,0),"-") -> 83/03 | N51: 1 | O51: =I51 -> Tôm sú thương phẩm | P51: ="83/"&IF(LEN(G51)=1,"0"&G51,G51)&"24/"&IF(LEN(B51)=1,"0"&B51,B51) -> 83/0424/09 | Q51: =L51&" "&M51 -> Thạnh Phú 83/03 | R51: =C51&" - "&D51&", "&E51 -> Phạm Văn Triều - Ấp 4, Xã Thạnh Phong | S51: =IF(OR(I51="Tôm chân trắng nhỏ",I51="Tôm sú nhỏ"),0.5,IF(OR(I51="Cá tra nhỏ",I51="Tôm sú thương phẩm",I51="Tôm chân trắng thương phẩm",I51="Tôm sú quảng canh",I51="Nước ương tôm giống"),1,IF(I51="Cá tra thương phẩm",1.5,0))) -> 1 | T51: =IFERROR(VLOOKUP(J51,'List+TK'!$D$3:$E$1000,2,0),"-") -> Ivermectin | U51: =H51&"/"&IF(LEN(G51)=1,"0"&G51,G51)&"/2024" -> 10/04/2024 | V51: =IFERROR(VLOOKUP(K51,'List+TK'!$G$3:$H$16,2,0),"-") -> Cao Quang Nguyên | W51: =IF(N51="","",IF(I51="Nước ương tôm giống","Bể "&N51,"Ao "&N51)) -> Ao 1
A52: =_xlfn.AGGREGATE(3,3,$I$4:I52) -> 49 | B52: 10 | C52: Phạm Văn Triều | D52: Ấp 4 | E52: Xã Thạnh Phong | F52: Huyện Thạnh Phú | G52: 4 | H52: 10 | I52: Tôm chân trắng thương phẩm | J52: KLN | K52: Nguyên | L52: =IFERROR(IF(F52="Huyện Mỏ Cày Nam","Mỏ Cày",RIGHT(F52,LEN(F52)-6)),"-") -> Thạnh Phú | M52: =IFERROR(VLOOKUP(L52,'List+TK'!$I$3:$J$9,2,0),"-") -> 83/03 | N52: 2 | O52: =I52 -> Tôm chân trắng thương phẩm | P52: ="83/"&IF(LEN(G52)=1,"0"&G52,G52)&"24/"&IF(LEN(B52)=1,"0"&B52,B52) -> 83/0424/10 | Q52: =L52&" "&M52 -> Thạnh Phú 83/03 | R52: =C52&" - "&D52&", "&E52 -> Phạm Văn Triều - Ấp 4, Xã Thạnh Phong | S52: =IF(OR(I52="Tôm chân trắng nhỏ",I52="Tôm sú nhỏ"),0.5,IF(OR(I52="Cá tra nhỏ",I52="Tôm sú thương phẩm",I52="Tôm chân trắng thương phẩm",I52="Tôm sú quảng canh",I52="Nước ương tôm giống"),1,IF(I52="Cá tra thương phẩm",1.5,0))) -> 1 | T52: =IFERROR(VLOOKUP(J52,'List+TK'!$D$3:$E$1000,2,0),"-") -> Pb, Hg, Cd | U52: =H52&"/"&IF(LEN(G52)=1,"0"&G52,G52)&"/2024" -> 10/04/2024 | V52: =IFERROR(VLOOKUP(K52,'List+TK'!$G$3:$H$16,2,0),"-") -> Cao Quang Nguyên | W52: =IF(N52="","",IF(I52="Nước ương tôm giống","Bể "&N52,"Ao "&N52)) -> Ao 2
A53: =_xlfn.AGGREGATE(3,3,$I$4:I53) -> 50 | B53: 11 | C53: Công ty CP Gò Đàng | D53: Ấp Tân Phong | E53: Xã Thành Thới A | F53: Huyện Mỏ Cày Nam | G53: 4 | H53: 10 | I53: Cá tra thương phẩm | J53: KLN | K53: Thuận | L53: =IFERROR(IF(F53="Huyện Mỏ Cày Nam","Mỏ Cày",RIGHT(F53,LEN(F53)-6)),"-") -> Mỏ Cày | M53: =IFERROR(VLOOKUP(L53,'List+TK'!$I$3:$J$9,2,0),"-") -> 83/04 | N53: 4 | O53: =I53 -> Cá tra thương phẩm | P53: ="83/"&IF(LEN(G53)=1,"0"&G53,G53)&"24/"&IF(LEN(B53)=1,"0"&B53,B53) -> 83/0424/11 | Q53: =L53&" "&M53 -> Mỏ Cày 83/04 | R53: =C53&" - "&D53&", "&E53 -> Công ty CP Gò Đàng - Ấp Tân Phong, Xã Thành Thới A | S53: =IF(OR(I53="Tôm chân trắng nhỏ",I53="Tôm sú nhỏ"),0.5,IF(OR(I53="Cá tra nhỏ",I53="Tôm sú thương phẩm",I53="Tôm chân trắng thương phẩm",I53="Tôm sú quảng canh",I53="Nước ương tôm giống"),1,IF(I53="Cá tra thương phẩm",1.5,0))) -> 1.5 | T53: =IFERROR(VLOOKUP(J53,'List+TK'!$D$3:$E$1000,2,0),"-") -> Pb, Hg, Cd | U53: =H53&"/"&IF(LEN(G53)=1,"0"&G53,G53)&"/2024" -> 10/04/2024 | V53: =IFERROR(VLOOKUP(K53,'List+TK'!$G$3:$H$16,2,0),"-") -> Phạm Minh Thuận | W53: =IF(N53="","",IF(I53="Nước ương tôm giống","Bể "&N53,"Ao "&N53)) -> Ao 4
A54: =_xlfn.AGGREGATE(3,3,$I$4:I54) -> 51 | B54: 12 | C54: Công ty CP Gò Đàng | D54: Ấp Tân Phong | E54: Xã Thành Thới A | F54: Huyện Mỏ Cày Nam | G54: 4 | H54: 10 | I54: Cá tra thương phẩm | J54: Thuốc BVTV | K54: Thuận | L54: =IFERROR(IF(F54="Huyện Mỏ Cày Nam","Mỏ Cày",RIGHT(F54,LEN(F54)-6)),"-") -> Mỏ Cày | M54: =IFERROR(VLOOKUP(L54,'List+TK'!$I$3:$J$9,2,0),"-") -> 83/04 | N54: 3 | O54: =I54 -> Cá tra thương phẩm | P54: ="83/"&IF(LEN(G54)=1,"0"&G54,G54)&"24/"&IF(LEN(B54)=1,"0"&B54,B54) -> 83/0424/12 | Q54: =L54&" "&M54 -> Mỏ Cày 83/04 | R54: =C54&" - "&D54&", "&E54 -> Công ty CP Gò Đàng - Ấp Tân Phong, Xã Thành Thới A | S54: =IF(OR(I54="Tôm chân trắng nhỏ",I54="Tôm sú nhỏ"),0.5,IF(OR(I54="Cá tra nhỏ",I54="Tôm sú thương phẩm",I54="Tôm chân trắng thương phẩm",I54="Tôm sú quảng canh",I54="Nước ương tôm giống"),1,IF(I54="Cá tra thương phẩm",1.5,0))) -> 1.5 | T54: =IFERROR(VLOOKUP(J54,'List+TK'!$D$3:$E$1000,2,0),"-") -> Thuốc trừ sâu gốc Chlor hữu cơ; phospho hữu cơ; cúc tổng hợp… | U54: =H54&"/"&IF(LEN(G54)=1,"0"&G54,G54)&"/2024" -> 10/04/2024 | V54: =IFERROR(VLOOKUP(K54,'List+TK'!$G$3:$H$16,2,0),"-") -> Phạm Minh Thuận | W54: =IF(N54="","",IF(I54="Nước ương tôm giống","Bể "&N54,"Ao "&N54)) -> Ao 3
A55: =_xlfn.AGGREGATE(3,3,$I$4:I55) -> 52 | B55: 13 | C55: Công ty CP XNK Thủy sản Bến Tre (DL 22) | D55: Ấp Phú Tân | E55: Xã Phú Túc | F55: Huyện Châu Thành | G55: 4 | H55: 09 | I55: Cá tra thương phẩm | J55: Trim | K55: Khanh | L55: =IFERROR(IF(F55="Huyện Mỏ Cày Nam","Mỏ Cày",RIGHT(F55,LEN(F55)-6)),"-") -> Châu Thành | M55: =IFERROR(VLOOKUP(L55,'List+TK'!$I$3:$J$9,2,0),"-") -> 83/05 | N55: A4 | O55: =I55 -> Cá tra thương phẩm | P55: ="83/"&IF(LEN(G55)=1,"0"&G55,G55)&"24/"&IF(LEN(B55)=1,"0"&B55,B55) -> 83/0424/13 | Q55: =L55&" "&M55 -> Châu Thành 83/05 | R55: =C55&" - "&D55&", "&E55 -> Công ty CP XNK Thủy sản Bến Tre (DL 22) - Ấp Phú Tân, Xã Phú Túc | S55: =IF(OR(I55="Tôm chân trắng nhỏ",I55="Tôm sú nhỏ"),0.5,IF(OR(I55="Cá tra nhỏ",I55="Tôm sú thương phẩm",I55="Tôm chân trắng thương phẩm",I55="Tôm sú quảng canh",I55="Nước ương tôm giống"),1,IF(I55="Cá tra thương phẩm",1.5,0))) -> 1.5 | T55: =IFERROR(VLOOKUP(J55,'List+TK'!$D$3:$E$1000,2,0),"-") -> Trimethoprim | U55: =H55&"/"&IF(LEN(G55)=1,"0"&G55,G55)&"/2024" -> 09/04/2024 | V55: =IFERROR(VLOOKUP(K55,'List+TK'!$G$3:$H$16,2,0),"-") -> Nguyễn Duy Khanh | W55: =IF(N55="","",IF(I55="Nước ương tôm giống","Bể "&N55,"Ao "&N55)) -> Ao A4
A56: =_xlfn.AGGREGATE(3,3,$I$4:I56) -> 53 | B56: 14 | C56: Công ty CP XNK Thủy sản Bến Tre (DL 22) | D56: Ấp Phú Tân | E56: Xã Phú Túc | F56: Huyện Châu Thành | G56: 4 | H56: 09 | I56: Cá tra thương phẩm | J56: KLN | K56: Khanh | L56: =IFERROR(IF(F56="Huyện Mỏ Cày Nam","Mỏ Cày",RIGHT(F56,LEN(F56)-6)),"-") -> Châu Thành | M56: =IFERROR(VLOOKUP(L56,'List+TK'!$I$3:$J$9,2,0),"-") -> 83/05 | N56: B4 | O56: =I56 -> Cá tra thương phẩm | P56: ="83/"&IF(LEN(G56)=1,"0"&G56,G56)&"24/"&IF(LEN(B56)=1,"0"&B56,B56) -> 83/0424/14 | Q56: =L56&" "&M56 -> Châu Thành 83/05 | R56: =C56&" - "&D56&", "&E56 -> Công ty CP XNK Thủy sản Bến Tre (DL 22) - Ấp Phú Tân, Xã Phú Túc | S56: =IF(OR(I56="Tôm chân trắng nhỏ",I56="Tôm sú nhỏ"),0.5,IF(OR(I56="Cá tra nhỏ",I56="Tôm sú thương phẩm",I56="Tôm chân trắng thương phẩm",I56="Tôm sú quảng canh",I56="Nước ương tôm giống"),1,IF(I56="Cá tra thương phẩm",1.5,0))) -> 1.5 | T56: =IFERROR(VLOOKUP(J56,'List+TK'!$D$3:$E$1000,2,0),"-") -> Pb, Hg, Cd | U56: =H56&"/"&IF(LEN(G56)=1,"0"&G56,G56)&"/2024" -> 09/04/2024 | V56: =IFERROR(VLOOKUP(K56,'List+TK'!$G$3:$H$16,2,0),"-") -> Nguyễn Duy Khanh | W56: =IF(N56="","",IF(I56="Nước ương tôm giống","Bể "&N56,"Ao "&N56)) -> Ao B4
A57: =_xlfn.AGGREGATE(3,3,$I$4:I57) -> 54 | B57: 15 | C57: Công ty CP XNK Thủy sản Bến Tre (DL 22) | D57: Ấp Phú Tân | E57: Xã Phú Túc | F57: Huyện Châu Thành | G57: 4 | H57: 09 | I57: Cá tra thương phẩm | J57: Thuốc BVTV | K57: Khanh | L57: =IFERROR(IF(F57="Huyện Mỏ Cày Nam","Mỏ Cày",RIGHT(F57,LEN(F57)-6)),"-") -> Châu Thành | M57: =IFERROR(VLOOKUP(L57,'List+TK'!$I$3:$J$9,2,0),"-") -> 83/05 | N57: B6 | O57: =I57 -> Cá tra thương phẩm | P57: ="83/"&IF(LEN(G57)=1,"0"&G57,G57)&"24/"&IF(LEN(B57)=1,"0"&B57,B57) -> 83/0424/15 | Q57: =L57&" "&M57 -> Châu Thành 83/05 | R57: =C57&" - "&D57&", "&E57 -> Công ty CP XNK Thủy sản Bến Tre (DL 22) - Ấp Phú Tân, Xã Phú Túc | S57: =IF(OR(I57="Tôm chân trắng nhỏ",I57="Tôm sú nhỏ"),0.5,IF(OR(I57="Cá tra nhỏ",I57="Tôm sú thương phẩm",I57="Tôm chân trắng thương phẩm",I57="Tôm sú quảng canh",I57="Nước ương tôm giống"),1,IF(I57="Cá tra thương phẩm",1.5,0))) -> 1.5 | T57: =IFERROR(VLOOKUP(J57,'List+TK'!$D$3:$E$1000,2,0),"-") -> Thuốc trừ sâu gốc Chlor hữu cơ; phospho hữu cơ; cúc tổng hợp… | U57: =H57&"/"&IF(LEN(G57)=1,"0"&G57,G57)&"/2024" -> 09/04/2024 | V57: =IFERROR(VLOOKUP(K57,'List+TK'!$G$3:$H$16,2,0),"-") -> Nguyễn Duy Khanh | W57: =IF(N57="","",IF(I57="Nước ương tôm giống","Bể "&N57,"Ao "&N57)) -> Ao B6
A58: =_xlfn.AGGREGATE(3,3,$I$4:I58) -> 55 | B58: 16 | C58: Không có mẫu | F58: Huyện Giồng Trôm | G58: 4 | H58: 11 | I58: Cá tra thương phẩm | J58: TC | L58: =IFERROR(IF(F58="Huyện Mỏ Cày Nam","Mỏ Cày",RIGHT(F58,LEN(F58)-6)),"-") -> Giồng Trôm | M58: =IFERROR(VLOOKUP(L58,'List+TK'!$I$3:$J$9,2,0),"-") -> 83/06 | O58: =I58 -> Cá tra thương phẩm | P58: ="83/"&IF(LEN(G58)=1,"0"&G58,G58)&"24/"&IF(LEN(B58)=1,"0"&B58,B58) -> 83/0424/16 | Q58: =L58&" "&M58 -> Giồng Trôm 83/06 | R58: =C58&" - "&D58&", "&E58 -> Không có mẫu - , | S58: =IF(OR(I58="Tôm chân trắng nhỏ",I58="Tôm sú nhỏ"),0.5,IF(OR(I58="Cá tra nhỏ",I58="Tôm sú thương phẩm",I58="Tôm chân trắng thương phẩm",I58="Tôm sú quảng canh",I58="Nước ương tôm giống"),1,IF(I58="Cá tra thương phẩm",1.5,0))) -> 1.5 | T58: =IFERROR(VLOOKUP(J58,'List+TK'!$D$3:$E$1000,2,0),"-") -> Nhóm Tetracyclines | V58: =IFERROR(VLOOKUP(K58,'List+TK'!$G$3:$H$16,2,0),"-") -> - | W58: =IF(N58="","",IF(I58="Nước ương tôm giống","Bể "&N58,"Ao "&N58))
A59: =_xlfn.AGGREGATE(3,3,$I$4:I59) -> 56 | B59: 17 | C59: Không có mẫu | F59: Huyện Giồng Trôm | G59: 4 | H59: 11 | I59: Cá tra thương phẩm | J59: Flor | L59: =IFERROR(IF(F59="Huyện Mỏ Cày Nam","Mỏ Cày",RIGHT(F59,LEN(F59)-6)),"-") -> Giồng Trôm | M59: =IFERROR(VLOOKUP(L59,'List+TK'!$I$3:$J$9,2,0),"-") -> 83/06 | O59: =I59 -> Cá tra thương phẩm | P59: ="83/"&IF(LEN(G59)=1,"0"&G59,G59)&"24/"&IF(LEN(B59)=1,"0"&B59,B59) -> 83/0424/17 | Q59: =L59&" "&M59 -> Giồng Trôm 83/06 | R59: =C59&" - "&D59&", "&E59 -> Không có mẫu - , | S59: =IF(OR(I59="Tôm chân trắng nhỏ",I59="Tôm sú nhỏ"),0.5,IF(OR(I59="Cá tra nhỏ",I59="Tôm sú thương phẩm",I59="Tôm chân trắng thương phẩm",I59="Tôm sú quảng canh",I59="Nước ương tôm giống"),1,IF(I59="Cá tra thương phẩm",1.5,0))) -> 1.5 | T59: =IFERROR(VLOOKUP(J59,'List+TK'!$D$3:$E$1000,2,0),"-") -> Florfenicol | V59: =IFERROR(VLOOKUP(K59,'List+TK'!$G$3:$H$16,2,0),"-") -> - | W59: =IF(N59="","",IF(I59="Nước ương tôm giống","Bể "&N59,"Ao "&N59))
A60: =_xlfn.AGGREGATE(3,3,$I$4:I60) -> 57 | B60: 18 | C60: Không có mẫu | F60: Huyện Giồng Trôm | G60: 4 | H60: 11 | I60: Cá tra thương phẩm | J60: KLN | L60: =IFERROR(IF(F60="Huyện Mỏ Cày Nam","Mỏ Cày",RIGHT(F60,LEN(F60)-6)),"-") -> Giồng Trôm | M60: =IFERROR(VLOOKUP(L60,'List+TK'!$I$3:$J$9,2,0),"-") -> 83/06 | O60: =I60 -> Cá tra thương phẩm | P60: ="83/"&IF(LEN(G60)=1,"0"&G60,G60)&"24/"&IF(LEN(B60)=1,"0"&B60,B60) -> 83/0424/18 | Q60: =L60&" "&M60 -> Giồng Trôm 83/06 | R60: =C60&" - "&D60&", "&E60 -> Không có mẫu - , | S60: =IF(OR(I60="Tôm chân trắng nhỏ",I60="Tôm sú nhỏ"),0.5,IF(OR(I60="Cá tra nhỏ",I60="Tôm sú thương phẩm",I60="Tôm chân trắng thương phẩm",I60="Tôm sú quảng canh",I60="Nước ương tôm giống"),1,IF(I60="Cá tra thương phẩm",1.5,0))) -> 1.5 | T60: =IFERROR(VLOOKUP(J60,'List+TK'!$D$3:$E$1000,2,0),"-") -> Pb, Hg, Cd | V60: =IFERROR(VLOOKUP(K60,'List+TK'!$G$3:$H$16,2,0),"-") -> - | W60: =IF(N60="","",IF(I60="Nước ương tôm giống","Bể "&N60,"Ao "&N60))
A61: =_xlfn.AGGREGATE(3,3,$I$4:I61) -> 58 | B61: 19 | C61: Công ty TNHH CBTPXK Vạn Đức Tiền Giang | D61: Vùng nuôi Hòa Nghĩa, ấp Bình An | E61: Xã Hòa Nghĩa | F61: Huyện Chợ Lách | G61: 4 | H61: 10 | I61: Cá tra thương phẩm | J61: Nitroi | K61: Khanh | L61: =IFERROR(IF(F61="Huyện Mỏ Cày Nam","Mỏ Cày",RIGHT(F61,LEN(F61)-6)),"-") -> Chợ Lách | M61: =IFERROR(VLOOKUP(L61,'List+TK'!$I$3:$J$9,2,0),"-") -> 83/07 | N61: 1 | O61: =I61 -> Cá tra thương phẩm | P61: ="83/"&IF(LEN(G61)=1,"0"&G61,G61)&"24/"&IF(LEN(B61)=1,"0"&B61,B61) -> 83/0424/19 | Q61: =L61&" "&M61 -> Chợ Lách 83/07 | R61: =C61&" - "&D61&", "&E61 -> Công ty TNHH CBTPXK Vạn Đức Tiền Giang - Vùng nuôi Hòa Nghĩa, ấp Bình An, Xã Hòa Nghĩa | S61: =IF(OR(I61="Tôm chân trắng nhỏ",I61="Tôm sú nhỏ"),0.5,IF(OR(I61="Cá tra nhỏ",I61="Tôm sú thương phẩm",I61="Tôm chân trắng thương phẩm",I61="Tôm sú quảng canh",I61="Nước ương tôm giống"),1,IF(I61="Cá tra thương phẩm",1.5,0))) -> 1.5 | T61: =IFERROR(VLOOKUP(J61,'List+TK'!$D$3:$E$1000,2,0),"-") -> Nhóm Nitroimidazoles | U61: =H61&"/"&IF(LEN(G61)=1,"0"&G61,G61)&"/2024" -> 10/04/2024 | V61: =IFERROR(VLOOKUP(K61,'List+TK'!$G$3:$H$16,2,0),"-") -> Nguyễn Duy Khanh | W61: =IF(N61="","",IF(I61="Nước ương tôm giống","Bể "&N61,"Ao "&N61)) -> Ao 1
A62: =_xlfn.AGGREGATE(3,3,$I$4:I62) -> 59 | B62: 20 | C62: Công ty TNHH CBTPXK Vạn Đức Tiền Giang | D62: Vùng nuôi Hòa Nghĩa, ấp Bình An | E62: Xã Hòa Nghĩa | F62: Huyện Chợ Lách | G62: 4 | H62: 10 | I62: Cá tra thương phẩm | J62: Orme | K62: Khanh | L62: =IFERROR(IF(F62="Huyện Mỏ Cày Nam","Mỏ Cày",RIGHT(F62,LEN(F62)-6)),"-") -> Chợ Lách | M62: =IFERROR(VLOOKUP(L62,'List+TK'!$I$3:$J$9,2,0),"-") -> 83/07 | N62: 5 | O62: =I62 -> Cá tra thương phẩm | P62: ="83/"&IF(LEN(G62)=1,"0"&G62,G62)&"24/"&IF(LEN(B62)=1,"0"&B62,B62) -> 83/0424/20 | Q62: =L62&" "&M62 -> Chợ Lách 83/07 | R62: =C62&" - "&D62&", "&E62 -> Công ty TNHH CBTPXK Vạn Đức Tiền Giang - Vùng nuôi Hòa Nghĩa, ấp Bình An, Xã Hòa Nghĩa | S62: =IF(OR(I62="Tôm chân trắng nhỏ",I62="Tôm sú nhỏ"),0.5,IF(OR(I62="Cá tra nhỏ",I62="Tôm sú thương phẩm",I62="Tôm chân trắng thương phẩm",I62="Tôm sú quảng canh",I62="Nước ương tôm giống"),1,IF(I62="Cá tra thương phẩm",1.5,0))) -> 1.5 | T62: =IFERROR(VLOOKUP(J62,'List+TK'!$D$3:$E$1000,2,0),"-") -> Ormetoprim | U62: =H62&"/"&IF(LEN(G62)=1,"0"&G62,G62)&"/2024" -> 10/04/2024 | V62: =IFERROR(VLOOKUP(K62,'List+TK'!$G$3:$H$16,2,0),"-") -> Nguyễn Duy Khanh | W62: =IF(N62="","",IF(I62="Nước ương tôm giống","Bể "&N62,"Ao "&N62)) -> Ao 5
A63: =_xlfn.AGGREGATE(3,3,$I$4:I63) -> 60 | B63: 21 | C63: Công ty TNHH CBTPXK Vạn Đức Tiền Giang | D63: Vùng nuôi Cồn Sơn, ấp Thanh Yên | E63: Xã Tân Thiềng | F63: Huyện Chợ Lách | G63: 4 | H63: 10 | I63: Cá tra thương phẩm | J63: TC | K63: Khanh | L63: =IFERROR(IF(F63="Huyện Mỏ Cày Nam","Mỏ Cày",RIGHT(F63,LEN(F63)-6)),"-") -> Chợ Lách | M63: =IFERROR(VLOOKUP(L63,'List+TK'!$I$3:$J$9,2,0),"-") -> 83/07 | N63: 1 | O63: =I63 -> Cá tra thương phẩm | P63: ="83/"&IF(LEN(G63)=1,"0"&G63,G63)&"24/"&IF(LEN(B63)=1,"0"&B63,B63) -> 83/0424/21 | Q63: =L63&" "&M63 -> Chợ Lách 83/07 | R63: =C63&" - "&D63&", "&E63 -> Công ty TNHH CBTPXK Vạn Đức Tiền Giang - Vùng nuôi Cồn Sơn, ấp Thanh Yên, Xã Tân Thiềng | S63: =IF(OR(I63="Tôm chân trắng nhỏ",I63="Tôm sú nhỏ"),0.5,IF(OR(I63="Cá tra nhỏ",I63="Tôm sú thương phẩm",I63="Tôm chân trắng thương phẩm",I63="Tôm sú quảng canh",I63="Nước ương tôm giống"),1,IF(I63="Cá tra thương phẩm",1.5,0))) -> 1.5 | T63: =IFERROR(VLOOKUP(J63,'List+TK'!$D$3:$E$1000,2,0),"-") -> Nhóm Tetracyclines | U63: =H63&"/"&IF(LEN(G63)=1,"0"&G63,G63)&"/2024" -> 10/04/2024 | V63: =IFERROR(VLOOKUP(K63,'List+TK'!$G$3:$H$16,2,0),"-") -> Nguyễn Duy Khanh | W63: =IF(N63="","",IF(I63="Nước ương tôm giống","Bể "&N63,"Ao "&N63)) -> Ao 1
A64: =_xlfn.AGGREGATE(3,3,$I$4:I64) -> 61 | B64: 22 | C64: Công ty TNHH CBTPXK Vạn Đức Tiền Giang | D64: Vùng nuôi Cồn Sơn, ấp Thanh Yên | E64: Xã Tân Thiềng | F64: Huyện Chợ Lách | G64: 4 | H64: 10 | I64: Cá tra thương phẩm | J64: KLN | K64: Khanh | L64: =IFERROR(IF(F64="Huyện Mỏ Cày Nam","Mỏ Cày",RIGHT(F64,LEN(F64)-6)),"-") -> Chợ Lách | M64: =IFERROR(VLOOKUP(L64,'List+TK'!$I$3:$J$9,2,0),"-") -> 83/07 | N64: 4 | O64: =I64 -> Cá tra thương phẩm | P64: ="83/"&IF(LEN(G64)=1,"0"&G64,G64)&"24/"&IF(LEN(B64)=1,"0"&B64,B64) -> 83/0424/22 | Q64: =L64&" "&M64 -> Chợ Lách 83/07 | R64: =C64&" - "&D64&", "&E64 -> Công ty TNHH CBTPXK Vạn Đức Tiền Giang - Vùng nuôi Cồn Sơn, ấp Thanh Yên, Xã Tân Thiềng | S64: =IF(OR(I64="Tôm chân trắng nhỏ",I64="Tôm sú nhỏ"),0.5,IF(OR(I64="Cá tra nhỏ",I64="Tôm sú thương phẩm",I64="Tôm chân trắng thương phẩm",I64="Tôm sú quảng canh",I64="Nước ương tôm giống"),1,IF(I64="Cá tra thương phẩm",1.5,0))) -> 1.5 | T64: =IFERROR(VLOOKUP(J64,'List+TK'!$D$3:$E$1000,2,0),"-") -> Pb, Hg, Cd | U64: =H64&"/"&IF(LEN(G64)=1,"0"&G64,G64)&"/2024" -> 10/04/2024 | V64: =IFERROR(VLOOKUP(K64,'List+TK'!$G$3:$H$16,2,0),"-") -> Nguyễn Duy Khanh | W64: =IF(N64="","",IF(I64="Nước ương tôm giống","Bể "&N64,"Ao "&N64)) -> Ao 4
A65: =_xlfn.AGGREGATE(3,3,$I$4:I65) -> 62 | B65: 23 | C65: Công ty TNHH CBTPXK Vạn Đức Tiền Giang | D65: Vùng nuôi Cồn Sơn, ấp Thanh Yên | E65: Xã Tân Thiềng | F65: Huyện Chợ Lách | G65: 4 | H65: 10 | I65: Cá tra thương phẩm | J65: Thuốc BVTV | K65: Khanh | L65: =IFERROR(IF(F65="Huyện Mỏ Cày Nam","Mỏ Cày",RIGHT(F65,LEN(F65)-6)),"-") -> Chợ Lách | M65: =IFERROR(VLOOKUP(L65,'List+TK'!$I$3:$J$9,2,0),"-") -> 83/07 | N65: 7 | O65: =I65 -> Cá tra thương phẩm | P65: ="83/"&IF(LEN(G65)=1,"0"&G65,G65)&"24/"&IF(LEN(B65)=1,"0"&B65,B65) -> 83/0424/23 | Q65: =L65&" "&M65 -> Chợ Lách 83/07 | R65: =C65&" - "&D65&", "&E65 -> Công ty TNHH CBTPXK Vạn Đức Tiền Giang - Vùng nuôi Cồn Sơn, ấp Thanh Yên, Xã Tân Thiềng | S65: =IF(OR(I65="Tôm chân trắng nhỏ",I65="Tôm sú nhỏ"),0.5,IF(OR(I65="Cá tra nhỏ",I65="Tôm sú thương phẩm",I65="Tôm chân trắng thương phẩm",I65="Tôm sú quảng canh",I65="Nước ương tôm giống"),1,IF(I65="Cá tra thương phẩm",1.5,0))) -> 1.5 | T65: =IFERROR(VLOOKUP(J65,'List+TK'!$D$3:$E$1000,2,0),"-") -> Thuốc trừ sâu gốc Chlor hữu cơ; phospho hữu cơ; cúc tổng hợp… | U65: =H65&"/"&IF(LEN(G65)=1,"0"&G65,G65)&"/2024" -> 10/04/2024 | V65: =IFERROR(VLOOKUP(K65,'List+TK'!$G$3:$H$16,2,0),"-") -> Nguyễn Duy Khanh | W65: =IF(N65="","",IF(I65="Nước ương tôm giống","Bể "&N65,"Ao "&N65)) -> Ao 7
A66: =_xlfn.AGGREGATE(3,3,$I$4:I66) -> 63 | B66: 15 | C66: Công ty CP Gò Đàng | D66: Ấp 1 | E66: Xã Sơn Phú | F66: Huyện Giồng Trôm | G66: 5 | H66: 25 | I66: Cá tra thương phẩm | J66: SUL | K66: Thuận | L66: =IFERROR(IF(F66="Huyện Mỏ Cày Nam","Mỏ Cày",RIGHT(F66,LEN(F66)-6)),"-") -> Giồng Trôm | M66: =IFERROR(VLOOKUP(L66,'List+TK'!$I$3:$J$9,2,0),"-") -> 83/06 | N66: D4 | O66: =I66 -> Cá tra thương phẩm | P66: ="83/"&IF(LEN(G66)=1,"0"&G66,G66)&"23/"&IF(LEN(B66)=1,"0"&B66,B66) -> 83/0523/15 | Q66: =L66&" "&M66 -> Giồng Trôm 83/06 | R66: =C66&" - "&D66&", "&E66 -> Công ty CP Gò Đàng - Ấp 1, Xã Sơn Phú | S66: =IF(OR(I66="Tôm chân trắng nhỏ",I66="Tôm sú nhỏ"),0.5,IF(OR(I66="Cá tra nhỏ",I66="Tôm sú thương phẩm",I66="Tôm chân trắng thương phẩm",I66="Tôm sú quảng canh",I66="Nước ương tôm giống"),1,IF(I66="Cá tra thương phẩm",1.5,0))) -> 1.5 | T66: =IFERROR(VLOOKUP(J66,'List+TK'!$D$3:$E$1000,2,0),"-") -> Nhóm Sulfonamides | U66: =H66&"/"&IF(LEN(G66)=1,"0"&G66,G66)&"/2023" -> 25/05/2023 | V66: =IFERROR(VLOOKUP(K66,'List+TK'!$G$3:$H$16,2,0),"-") -> Phạm Minh Thuận | W66: =IF(N66="","",IF(I66="Nước ương tôm giống","Bể "&N66,"Ao "&N66)) -> Ao D4
A67: =_xlfn.AGGREGATE(3,3,$I$4:I67) -> 64 | B67: 16 | C67: Công ty CP Vĩnh Hoàn | D67: Ấp Phú Bình | E67: Xã Vĩnh Bình | F67: Huyện Chợ Lách | G67: 5 | H67: 24 | I67: Cá tra thương phẩm | J67: SUL | K67: Lâm | L67: =IFERROR(IF(F67="Huyện Mỏ Cày Nam","Mỏ Cày",RIGHT(F67,LEN(F67)-6)),"-") -> Chợ Lách | M67: =IFERROR(VLOOKUP(L67,'List+TK'!$I$3:$J$9,2,0),"-") -> 83/07 | N67: 9 | O67: =I67 -> Cá tra thương phẩm | P67: ="83/"&IF(LEN(G67)=1,"0"&G67,G67)&"23/"&IF(LEN(B67)=1,"0"&B67,B67) -> 83/0523/16 | Q67: =L67&" "&M67 -> Chợ Lách 83/07 | R67: =C67&" - "&D67&", "&E67 -> Công ty CP Vĩnh Hoàn - Ấp Phú Bình, Xã Vĩnh Bình | S67: =IF(OR(I67="Tôm chân trắng nhỏ",I67="Tôm sú nhỏ"),0.5,IF(OR(I67="Cá tra nhỏ",I67="Tôm sú thương phẩm",I67="Tôm chân trắng thương phẩm",I67="Tôm sú quảng canh",I67="Nước ương tôm giống"),1,IF(I67="Cá tra thương phẩm",1.5,0))) -> 1.5 | T67: =IFERROR(VLOOKUP(J67,'List+TK'!$D$3:$E$1000,2,0),"-") -> Nhóm Sulfonamides | U67: =H67&"/"&IF(LEN(G67)=1,"0"&G67,G67)&"/2023" -> 24/05/2023 | V67: =IFERROR(VLOOKUP(K67,'List+TK'!$G$3:$H$16,2,0),"-") -> Phạm Văn Lâm | W67: =IF(N67="","",IF(I67="Nước ương tôm giống","Bể "&N67,"Ao "&N67)) -> Ao 9
A68: =_xlfn.AGGREGATE(3,3,$I$4:I68) -> 65 | B68: 17 | C68: Công ty CP Vĩnh Hoàn | D68: Ấp Phú Bình | E68: Xã Vĩnh Bình | F68: Huyện Chợ Lách | G68: 5 | H68: 24 | I68: Cá tra thương phẩm | J68: QUI | K68: Lâm | L68: =IFERROR(IF(F68="Huyện Mỏ Cày Nam","Mỏ Cày",RIGHT(F68,LEN(F68)-6)),"-") -> Chợ Lách | M68: =IFERROR(VLOOKUP(L68,'List+TK'!$I$3:$J$9,2,0),"-") -> 83/07 | N68: 7 | O68: =I68 -> Cá tra thương phẩm | P68: ="83/"&IF(LEN(G68)=1,"0"&G68,G68)&"23/"&IF(LEN(B68)=1,"0"&B68,B68) -> 83/0523/17 | Q68: =L68&" "&M68 -> Chợ Lách 83/07 | R68: =C68&" - "&D68&", "&E68 -> Công ty CP Vĩnh Hoàn - Ấp Phú Bình, Xã Vĩnh Bình | S68: =IF(OR(I68="Tôm chân trắng nhỏ",I68="Tôm sú nhỏ"),0.5,IF(OR(I68="Cá tra nhỏ",I68="Tôm sú thương phẩm",I68="Tôm chân trắng thương phẩm",I68="Tôm sú quảng canh",I68="Nước ương tôm giống"),1,IF(I68="Cá tra thương phẩm",1.5,0))) -> 1.5 | T68: =IFERROR(VLOOKUP(J68,'List+TK'!$D$3:$E$1000,2,0),"-") -> Nhóm Quinolones | U68: =H68&"/"&IF(LEN(G68)=1,"0"&G68,G68)&"/2023" -> 24/05/2023 | V68: =IFERROR(VLOOKUP(K68,'List+TK'!$G$3:$H$16,2,0),"-") -> Phạm Văn Lâm | W68: =IF(N68="","",IF(I68="Nước ương tôm giống","Bể "&N68,"Ao "&N68)) -> Ao 7
A69: =_xlfn.AGGREGATE(3,3,$I$4:I69) -> 66 | B69: 18 | C69: Công ty CP Vĩnh Hoàn | D69: Ấp Phú Bình | E69: Xã Vĩnh Bình | F69: Huyện Chợ Lách | G69: 5 | H69: 24 | I69: Cá tra thương phẩm | J69: Flor | K69: Lâm | L69: =IFERROR(IF(F69="Huyện Mỏ Cày Nam","Mỏ Cày",RIGHT(F69,LEN(F69)-6)),"-") -> Chợ Lách | M69: =IFERROR(VLOOKUP(L69,'List+TK'!$I$3:$J$9,2,0),"-") -> 83/07 | N69: 8 | O69: =I69 -> Cá tra thương phẩm | P69: ="83/"&IF(LEN(G69)=1,"0"&G69,G69)&"23/"&IF(LEN(B69)=1,"0"&B69,B69) -> 83/0523/18 | Q69: =L69&" "&M69 -> Chợ Lách 83/07 | R69: =C69&" - "&D69&", "&E69 -> Công ty CP Vĩnh Hoàn - Ấp Phú Bình, Xã Vĩnh Bình | S69: =IF(OR(I69="Tôm chân trắng nhỏ",I69="Tôm sú nhỏ"),0.5,IF(OR(I69="Cá tra nhỏ",I69="Tôm sú thương phẩm",I69="Tôm chân trắng thương phẩm",I69="Tôm sú quảng canh",I69="Nước ương tôm giống"),1,IF(I69="Cá tra thương phẩm",1.5,0))) -> 1.5 | T69: =IFERROR(VLOOKUP(J69,'List+TK'!$D$3:$E$1000,2,0),"-") -> Florfenicol | U69: =H69&"/"&IF(LEN(G69)=1,"0"&G69,G69)&"/2023" -> 24/05/2023 | V69: =IFERROR(VLOOKUP(K69,'List+TK'!$G$3:$H$16,2,0),"-") -> Phạm Văn Lâm | W69: =IF(N69="","",IF(I69="Nước ương tôm giống","Bể "&N69,"Ao "&N69)) -> Ao 8
A70: =_xlfn.AGGREGATE(3,3,$I$4:I70) -> 67 | B70: 19 | C70: Công ty CP Vĩnh Hoàn | D70: Ấp Phú Bình | E70: Xã Vĩnh Bình | F70: Huyện Chợ Lách | G70: 5 | H70: 24 | I70: Cá tra thương phẩm | J70: Trim | K70: Lâm | L70: =IFERROR(IF(F70="Huyện Mỏ Cày Nam","Mỏ Cày",RIGHT(F70,LEN(F70)-6)),"-") -> Chợ Lách | M70: =IFERROR(VLOOKUP(L70,'List+TK'!$I$3:$J$9,2,0),"-") -> 83/07 | N70: 19 | O70: =I70 -> Cá tra thương phẩm | P70: ="83/"&IF(LEN(G70)=1,"0"&G70,G70)&"23/"&IF(LEN(B70)=1,"0"&B70,B70) -> 83/0523/19 | Q70: =L70&" "&M70 -> Chợ Lách 83/07 | R70: =C70&" - "&D70&", "&E70 -> Công ty CP Vĩnh Hoàn - Ấp Phú Bình, Xã Vĩnh Bình | S70: =IF(OR(I70="Tôm chân trắng nhỏ",I70="Tôm sú nhỏ"),0.5,IF(OR(I70="Cá tra nhỏ",I70="Tôm sú thương phẩm",I70="Tôm chân trắng thương phẩm",I70="Tôm sú quảng canh",I70="Nước ương tôm giống"),1,IF(I70="Cá tra thương phẩm",1.5,0))) -> 1.5 | T70: =IFERROR(VLOOKUP(J70,'List+TK'!$D$3:$E$1000,2,0),"-") -> Trimethoprim | U70: =H70&"/"&IF(LEN(G70)=1,"0"&G70,G70)&"/2023" -> 24/05/2023 | V70: =IFERROR(VLOOKUP(K70,'List+TK'!$G$3:$H$16,2,0),"-") -> Phạm Văn Lâm | W70: =IF(N70="","",IF(I70="Nước ương tôm giống","Bể "&N70,"Ao "&N70)) -> Ao 19
A71: =_xlfn.AGGREGATE(3,3,$I$4:I71) -> 68 | B71: 1 | C71: Nguyễn Văn Phong | D71: Ấp 7 | E71: Xã An Thủy | F71: Huyện Ba Tri | G71: 6 | H71: 20 | I71: Tôm sú thương phẩm | J71: CAP | K71: Thuận | L71: =IFERROR(IF(F71="Huyện Mỏ Cày Nam","Mỏ Cày",RIGHT(F71,LEN(F71)-6)),"-") -> Ba Tri | M71: =IFERROR(VLOOKUP(L71,'List+TK'!$I$3:$J$9,2,0),"-") -> 83/01 | N71: 1 | O71: =I71 -> Tôm sú thương phẩm | P71: ="83/"&IF(LEN(G71)=1,"0"&G71,G71)&"23/"&IF(LEN(B71)=1,"0"&B71,B71) -> 83/0623/01 | Q71: =L71&" "&M71 -> Ba Tri 83/01 | R71: =C71&" - "&D71&", "&E71 -> Nguyễn Văn Phong - Ấp 7, Xã An Thủy | S71: =IF(OR(I71="Tôm chân trắng nhỏ",I71="Tôm sú nhỏ"),0.5,IF(OR(I71="Cá tra nhỏ",I71="Tôm sú thương phẩm",I71="Tôm chân trắng thương phẩm",I71="Tôm sú quảng canh",I71="Nước ương tôm giống"),1,IF(I71="Cá tra thương phẩm",1.5,0))) -> 1 | T71: =IFERROR(VLOOKUP(J71,'List+TK'!$D$3:$E$1000,2,0),"-") -> Chloramphenicol | U71: =H71&"/"&IF(LEN(G71)=1,"0"&G71,G71)&"/2023" -> 20/06/2023 | V71: =IFERROR(VLOOKUP(K71,'List+TK'!$G$3:$H$16,2,0),"-") -> Phạm Minh Thuận | W71: =IF(N71="","",IF(I71="Nước ương tôm giống","Bể "&N71,"Ao "&N71)) -> Ao 1
A72: =_xlfn.AGGREGATE(3,3,$I$4:I72) -> 69 | B72: 2 | C72: Nguyễn Văn Phong | D72: Ấp 7 | E72: Xã An Thủy | F72: Huyện Ba Tri | G72: 6 | H72: 20 | I72: Tôm chân trắng thương phẩm | J72: QUI | K72: Thuận | L72: =IFERROR(IF(F72="Huyện Mỏ Cày Nam","Mỏ Cày",RIGHT(F72,LEN(F72)-6)),"-") -> Ba Tri | M72: =IFERROR(VLOOKUP(L72,'List+TK'!$I$3:$J$9,2,0),"-") -> 83/01 | N72: 2 | O72: =I72 -> Tôm chân trắng thương phẩm | P72: ="83/"&IF(LEN(G72)=1,"0"&G72,G72)&"23/"&IF(LEN(B72)=1,"0"&B72,B72) -> 83/0623/02 | Q72: =L72&" "&M72 -> Ba Tri 83/01 | R72: =C72&" - "&D72&", "&E72 -> Nguyễn Văn Phong - Ấp 7, Xã An Thủy | S72: =IF(OR(I72="Tôm chân trắng nhỏ",I72="Tôm sú nhỏ"),0.5,IF(OR(I72="Cá tra nhỏ",I72="Tôm sú thương phẩm",I72="Tôm chân trắng thương phẩm",I72="Tôm sú quảng canh",I72="Nước ương tôm giống"),1,IF(I72="Cá tra thương phẩm",1.5,0))) -> 1 | T72: =IFERROR(VLOOKUP(J72,'List+TK'!$D$3:$E$1000,2,0),"-") -> Nhóm Quinolones | U72: =H72&"/"&IF(LEN(G72)=1,"0"&G72,G72)&"/2023" -> 20/06/2023 | V72: =IFERROR(VLOOKUP(K72,'List+TK'!$G$3:$H$16,2,0),"-") -> Phạm Minh Thuận | W72: =IF(N72="","",IF(I72="Nước ương tôm giống","Bể "&N72,"Ao "&N72)) -> Ao 2
A73: =_xlfn.AGGREGATE(3,3,$I$4:I73) -> 70 | B73: 3 | C73: Lê Minh Khách | D73: Ấp Phước Hòa | E73: Xã Thạnh Phước | F73: Huyện Bình Đại | G73: 6 | H73: 20 | I73: Tôm sú thương phẩm | J73: Fosfo | K73: Nguyên | L73: =IFERROR(IF(F73="Huyện Mỏ Cày Nam","Mỏ Cày",RIGHT(F73,LEN(F73)-6)),"-") -> Bình Đại | M73: =IFERROR(VLOOKUP(L73,'List+TK'!$I$3:$J$9,2,0),"-") -> 83/02 | N73: 1 | O73: =I73 -> Tôm sú thương phẩm | P73: ="83/"&IF(LEN(G73)=1,"0"&G73,G73)&"23/"&IF(LEN(B73)=1,"0"&B73,B73) -> 83/0623/03 | Q73: =L73&" "&M73 -> Bình Đại 83/02 | R73: =C73&" - "&D73&", "&E73 -> Lê Minh Khách - Ấp Phước Hòa, Xã Thạnh Phước | S73: =IF(OR(I73="Tôm chân trắng nhỏ",I73="Tôm sú nhỏ"),0.5,IF(OR(I73="Cá tra nhỏ",I73="Tôm sú thương phẩm",I73="Tôm chân trắng thương phẩm",I73="Tôm sú quảng canh",I73="Nước ương tôm giống"),1,IF(I73="Cá tra thương phẩm",1.5,0))) -> 1 | T73: =IFERROR(VLOOKUP(J73,'List+TK'!$D$3:$E$1000,2,0),"-") -> Fosfomycin | U73: =H73&"/"&IF(LEN(G73)=1,"0"&G73,G73)&"/2023" -> 20/06/2023 | V73: =IFERROR(VLOOKUP(K73,'List+TK'!$G$3:$H$16,2,0),"-") -> Cao Quang Nguyên | W73: =IF(N73="","",IF(I73="Nước ương tôm giống","Bể "&N73,"Ao "&N73)) -> Ao 1
A74: =_xlfn.AGGREGATE(3,3,$I$4:I74) -> 71 | B74: 4 | C74: Lê Minh Khách | D74: Ấp Phước Hòa | E74: Xã Thạnh Phước | F74: Huyện Bình Đại | G74: 6 | H74: 20 | I74: Tôm chân trắng thương phẩm | J74: TC | K74: Nguyên | L74: =IFERROR(IF(F74="Huyện Mỏ Cày Nam","Mỏ Cày",RIGHT(F74,LEN(F74)-6)),"-") -> Bình Đại | M74: =IFERROR(VLOOKUP(L74,'List+TK'!$I$3:$J$9,2,0),"-") -> 83/02 | N74: 2 | O74: =I74 -> Tôm chân trắng thương phẩm | P74: ="83/"&IF(LEN(G74)=1,"0"&G74,G74)&"23/"&IF(LEN(B74)=1,"0"&B74,B74) -> 83/0623/04 | Q74: =L74&" "&M74 -> Bình Đại 83/02 | R74: =C74&" - "&D74&", "&E74 -> Lê Minh Khách - Ấp Phước Hòa, Xã Thạnh Phước | S74: =IF(OR(I74="Tôm chân trắng nhỏ",I74="Tôm sú nhỏ"),0.5,IF(OR(I74="Cá tra nhỏ",I74="Tôm sú thương phẩm",I74="Tôm chân trắng thương phẩm",I74="Tôm sú quảng canh",I74="Nước ương tôm giống"),1,IF(I74="Cá tra thương phẩm",1.5,0))) -> 1 | T74: =IFERROR(VLOOKUP(J74,'List+TK'!$D$3:$E$1000,2,0),"-") -> Nhóm Tetracyclines | U74: =H74&"/"&IF(LEN(G74)=1,"0"&G74,G74)&"/2023" -> 20/06/2023 | V74: =IFERROR(VLOOKUP(K74,'List+TK'!$G$3:$H$16,2,0),"-") -> Cao Quang Nguyên | W74: =IF(N74="","",IF(I74="Nước ương tôm giống","Bể "&N74,"Ao "&N74)) -> Ao 2
A75: =_xlfn.AGGREGATE(3,3,$I$4:I75) -> 72 | B75: 5 | C75: Công ty CP Gò Đàng | D75: Ấp 4 | E75: Xã Tam Hiệp | F75: Huyện Bình Đại | G75: 6 | H75: 20 | I75: Cá tra thương phẩm | J75: NM | K75: Nguyên | L75: =IFERROR(IF(F75="Huyện Mỏ Cày Nam","Mỏ Cày",RIGHT(F75,LEN(F75)-6)),"-") -> Bình Đại | M75: =IFERROR(VLOOKUP(L75,'List+TK'!$I$3:$J$9,2,0),"-") -> 83/02 | N75: 3 | O75: =I75 -> Cá tra thương phẩm | P75: ="83/"&IF(LEN(G75)=1,"0"&G75,G75)&"23/"&IF(LEN(B75)=1,"0"&B75,B75) -> 83/0623/05 | Q75: =L75&" "&M75 -> Bình Đại 83/02 | R75: =C75&" - "&D75&", "&E75 -> Công ty CP Gò Đàng - Ấp 4, Xã Tam Hiệp | S75: =IF(OR(I75="Tôm chân trắng nhỏ",I75="Tôm sú nhỏ"),0.5,IF(OR(I75="Cá tra nhỏ",I75="Tôm sú thương phẩm",I75="Tôm chân trắng thương phẩm",I75="Tôm sú quảng canh",I75="Nước ương tôm giống"),1,IF(I75="Cá tra thương phẩm",1.5,0))) -> 1.5 | T75: =IFERROR(VLOOKUP(J75,'List+TK'!$D$3:$E$1000,2,0),"-") -> - | U75: =H75&"/"&IF(LEN(G75)=1,"0"&G75,G75)&"/2023" -> 20/06/2023 | V75: =IFERROR(VLOOKUP(K75,'List+TK'!$G$3:$H$16,2,0),"-") -> Cao Quang Nguyên | W75: =IF(N75="","",IF(I75="Nước ương tôm giống","Bể "&N75,"Ao "&N75)) -> Ao 3
A76: =_xlfn.AGGREGATE(3,3,$I$4:I76) -> 73 | B76: 6 | C76: Công ty CP Gò Đàng | D76: Ấp 4 | E76: Xã Tam Hiệp | F76: Huyện Bình Đại | G76: 6 | H76: 20 | I76: Cá tra thương phẩm | J76: Flor | K76: Nguyên | L76: =IFERROR(IF(F76="Huyện Mỏ Cày Nam","Mỏ Cày",RIGHT(F76,LEN(F76)-6)),"-") -> Bình Đại | M76: =IFERROR(VLOOKUP(L76,'List+TK'!$I$3:$J$9,2,0),"-") -> 83/02 | N76: 6 | O76: =I76 -> Cá tra thương phẩm | P76: ="83/"&IF(LEN(G76)=1,"0"&G76,G76)&"23/"&IF(LEN(B76)=1,"0"&B76,B76) -> 83/0623/06 | Q76: =L76&" "&M76 -> Bình Đại 83/02 | R76: =C76&" - "&D76&", "&E76 -> Công ty CP Gò Đàng - Ấp 4, Xã Tam Hiệp | S76: =IF(OR(I76="Tôm chân trắng nhỏ",I76="Tôm sú nhỏ"),0.5,IF(OR(I76="Cá tra nhỏ",I76="Tôm sú thương phẩm",I76="Tôm chân trắng thương phẩm",I76="Tôm sú quảng canh",I76="Nước ương tôm giống"),1,IF(I76="Cá tra thương phẩm",1.5,0))) -> 1.5 | T76: =IFERROR(VLOOKUP(J76,'List+TK'!$D$3:$E$1000,2,0),"-") -> Florfenicol | U76: =H76&"/"&IF(LEN(G76)=1,"0"&G76,G76)&"/2023" -> 20/06/2023 | V76: =IFERROR(VLOOKUP(K76,'List+TK'!$G$3:$H$16,2,0),"-") -> Cao Quang Nguyên | W76: =IF(N76="","",IF(I76="Nước ương tôm giống","Bể "&N76,"Ao "&N76)) -> Ao 6
A77: =_xlfn.AGGREGATE(3,3,$I$4:I77) -> 74 | B77: 7 | C77: Cao Văn Tùng | D77: Ấp An Hòa | E77: Xã An Nhơn | F77: Huyện Thạnh Phú | G77: 6 | H77: 21 | I77: Tôm sú thương phẩm | J77: Amox | K77: Nguyên | L77: =IFERROR(IF(F77="Huyện Mỏ Cày Nam","Mỏ Cày",RIGHT(F77,LEN(F77)-6)),"-") -> Thạnh Phú | M77: =IFERROR(VLOOKUP(L77,'List+TK'!$I$3:$J$9,2,0),"-") -> 83/03 | N77: 1 | O77: =I77 -> Tôm sú thương phẩm | P77: ="83/"&IF(LEN(G77)=1,"0"&G77,G77)&"23/"&IF(LEN(B77)=1,"0"&B77,B77) -> 83/0623/07 | Q77: =L77&" "&M77 -> Thạnh Phú 83/03 | R77: =C77&" - "&D77&", "&E77 -> Cao Văn Tùng - Ấp An Hòa, Xã An Nhơn | S77: =IF(OR(I77="Tôm chân trắng nhỏ",I77="Tôm sú nhỏ"),0.5,IF(OR(I77="Cá tra nhỏ",I77="Tôm sú thương phẩm",I77="Tôm chân trắng thương phẩm",I77="Tôm sú quảng canh",I77="Nước ương tôm giống"),1,IF(I77="Cá tra thương phẩm",1.5,0))) -> 1 | T77: =IFERROR(VLOOKUP(J77,'List+TK'!$D$3:$E$1000,2,0),"-") -> Amoxicillin | U77: =H77&"/"&IF(LEN(G77)=1,"0"&G77,G77)&"/2023" -> 21/06/2023 | V77: =IFERROR(VLOOKUP(K77,'List+TK'!$G$3:$H$16,2,0),"-") -> Cao Quang Nguyên | W77: =IF(N77="","",IF(I77="Nước ương tôm giống","Bể "&N77,"Ao "&N77)) -> Ao 1
A78: =_xlfn.AGGREGATE(3,3,$I$4:I78) -> 75 | B78: 8 | C78: Cao Văn Tùng | D78: Ấp An Hòa | E78: Xã An Nhơn | F78: Huyện Thạnh Phú | G78: 6 | H78: 21 | I78: Tôm sú thương phẩm | J78: Trif | K78: Nguyên | L78: =IFERROR(IF(F78="Huyện Mỏ Cày Nam","Mỏ Cày",RIGHT(F78,LEN(F78)-6)),"-") -> Thạnh Phú | M78: =IFERROR(VLOOKUP(L78,'List+TK'!$I$3:$J$9,2,0),"-") -> 83/03 | N78: 2 | O78: =I78 -> Tôm sú thương phẩm | P78: ="83/"&IF(LEN(G78)=1,"0"&G78,G78)&"23/"&IF(LEN(B78)=1,"0"&B78,B78) -> 83/0623/08 | Q78: =L78&" "&M78 -> Thạnh Phú 83/03 | R78: =C78&" - "&D78&", "&E78 -> Cao Văn Tùng - Ấp An Hòa, Xã An Nhơn | S78: =IF(OR(I78="Tôm chân trắng nhỏ",I78="Tôm sú nhỏ"),0.5,IF(OR(I78="Cá tra nhỏ",I78="Tôm sú thương phẩm",I78="Tôm chân trắng thương phẩm",I78="Tôm sú quảng canh",I78="Nước ương tôm giống"),1,IF(I78="Cá tra thương phẩm",1.5,0))) -> 1 | T78: =IFERROR(VLOOKUP(J78,'List+TK'!$D$3:$E$1000,2,0),"-") -> Trifluralin | U78: =H78&"/"&IF(LEN(G78)=1,"0"&G78,G78)&"/2023" -> 21/06/2023 | V78: =IFERROR(VLOOKUP(K78,'List+TK'!$G$3:$H$16,2,0),"-") -> Cao Quang Nguyên | W78: =IF(N78="","",IF(I78="Nước ương tôm giống","Bể "&N78,"Ao "&N78)) -> Ao 2
A79: =_xlfn.AGGREGATE(3,3,$I$4:I79) -> 76 | B79: 9 | C79: Lê Thị Kiều Oanh | D79: Ấp Giao Hòa B | E79: Xã Giao Thạnh | F79: Huyện Thạnh Phú | G79: 6 | H79: 21 | I79: Tôm sú quảng canh | J79: B3e tôm | K79: Nguyên | L79: =IFERROR(IF(F79="Huyện Mỏ Cày Nam","Mỏ Cày",RIGHT(F79,LEN(F79)-6)),"-") -> Thạnh Phú | M79: =IFERROR(VLOOKUP(L79,'List+TK'!$I$3:$J$9,2,0),"-") -> 83/03 | O79: =I79 -> Tôm sú quảng canh | P79: ="83/"&IF(LEN(G79)=1,"0"&G79,G79)&"23/"&IF(LEN(B79)=1,"0"&B79,B79) -> 83/0623/09 | Q79: =L79&" "&M79 -> Thạnh Phú 83/03 | R79: =C79&" - "&D79&", "&E79 -> Lê Thị Kiều Oanh - Ấp Giao Hòa B, Xã Giao Thạnh | S79: =IF(OR(I79="Tôm chân trắng nhỏ",I79="Tôm sú nhỏ"),0.5,IF(OR(I79="Cá tra nhỏ",I79="Tôm sú thương phẩm",I79="Tôm chân trắng thương phẩm",I79="Tôm sú quảng canh",I79="Nước ương tôm giống"),1,IF(I79="Cá tra thương phẩm",1.5,0))) -> 1 | T79: =IFERROR(VLOOKUP(J79,'List+TK'!$D$3:$E$1000,2,0),"-") -> - | U79: =H79&"/"&IF(LEN(G79)=1,"0"&G79,G79)&"/2023" -> 21/06/2023 | V79: =IFERROR(VLOOKUP(K79,'List+TK'!$G$3:$H$16,2,0),"-") -> Cao Quang Nguyên | W79: =IF(N79="","",IF(I79="Nước ương tôm giống","Bể "&N79,"Ao "&N79))
A80: =_xlfn.AGGREGATE(3,3,$I$4:I80) -> 77 | B80: 10 | C80: Cao Văn Tùng | D80: Ấp An Hòa | E80: Xã An Nhơn | F80: Huyện Thạnh Phú | G80: 6 | H80: 21 | I80: Tôm chân trắng thương phẩm | J80: QUI | K80: Nguyên | L80: =IFERROR(IF(F80="Huyện Mỏ Cày Nam","Mỏ Cày",RIGHT(F80,LEN(F80)-6)),"-") -> Thạnh Phú | M80: =IFERROR(VLOOKUP(L80,'List+TK'!$I$3:$J$9,2,0),"-") -> 83/03 | N80: 3 | O80: =I80 -> Tôm chân trắng thương phẩm | P80: ="83/"&IF(LEN(G80)=1,"0"&G80,G80)&"23/"&IF(LEN(B80)=1,"0"&B80,B80) -> 83/0623/10 | Q80: =L80&" "&M80 -> Thạnh Phú 83/03 | R80: =C80&" - "&D80&", "&E80 -> Cao Văn Tùng - Ấp An Hòa, Xã An Nhơn | S80: =IF(OR(I80="Tôm chân trắng nhỏ",I80="Tôm sú nhỏ"),0.5,IF(OR(I80="Cá tra nhỏ",I80="Tôm sú thương phẩm",I80="Tôm chân trắng thương phẩm",I80="Tôm sú quảng canh",I80="Nước ương tôm giống"),1,IF(I80="Cá tra thương phẩm",1.5,0))) -> 1 | T80: =IFERROR(VLOOKUP(J80,'List+TK'!$D$3:$E$1000,2,0),"-") -> Nhóm Quinolones | U80: =H80&"/"&IF(LEN(G80)=1,"0"&G80,G80)&"/2023" -> 21/06/2023 | V80: =IFERROR(VLOOKUP(K80,'List+TK'!$G$3:$H$16,2,0),"-") -> Cao Quang Nguyên | W80: =IF(N80="","",IF(I80="Nước ương tôm giống","Bể "&N80,"Ao "&N80)) -> Ao 3
A81: =_xlfn.AGGREGATE(3,3,$I$4:I81) -> 78 | B81: 11 | C81: Công ty CP Gò Đàng | D81: Ấp Tân Phong | E81: Xã Thành Thới A | F81: Huyện Mỏ Cày Nam | G81: 6 | H81: 21 | I81: Cá tra thương phẩm | J81: TC | K81: Thuận | L81: =IFERROR(IF(F81="Huyện Mỏ Cày Nam","Mỏ Cày",RIGHT(F81,LEN(F81)-6)),"-") -> Mỏ Cày | M81: =IFERROR(VLOOKUP(L81,'List+TK'!$I$3:$J$9,2,0),"-") -> 83/04 | N81: 13 | O81: =I81 -> Cá tra thương phẩm | P81: ="83/"&IF(LEN(G81)=1,"0"&G81,G81)&"23/"&IF(LEN(B81)=1,"0"&B81,B81) -> 83/0623/11 | Q81: =L81&" "&M81 -> Mỏ Cày 83/04 | R81: =C81&" - "&D81&", "&E81 -> Công ty CP Gò Đàng - Ấp Tân Phong, Xã Thành Thới A | S81: =IF(OR(I81="Tôm chân trắng nhỏ",I81="Tôm sú nhỏ"),0.5,IF(OR(I81="Cá tra nhỏ",I81="Tôm sú thương phẩm",I81="Tôm chân trắng thương phẩm",I81="Tôm sú quảng canh",I81="Nước ương tôm giống"),1,IF(I81="Cá tra thương phẩm",1.5,0))) -> 1.5 | T81: =IFERROR(VLOOKUP(J81,'List+TK'!$D$3:$E$1000,2,0),"-") -> Nhóm Tetracyclines | U81: =H81&"/"&IF(LEN(G81)=1,"0"&G81,G81)&"/2023" -> 21/06/2023 | V81: =IFERROR(VLOOKUP(K81,'List+TK'!$G$3:$H$16,2,0),"-") -> Phạm Minh Thuận | W81: =IF(N81="","",IF(I81="Nước ương tôm giống","Bể "&N81,"Ao "&N81)) -> Ao 13
A82: =_xlfn.AGGREGATE(3,3,$I$4:I82) -> 79 | B82: 12 | C82: Công ty CP Gò Đàng | D82: Ấp Tân Phong | E82: Xã Thành Thới A | F82: Huyện Mỏ Cày Nam | G82: 6 | H82: 21 | I82: Cá tra thương phẩm | J82: SUL | K82: Thuận | L82: =IFERROR(IF(F82="Huyện Mỏ Cày Nam","Mỏ Cày",RIGHT(F82,LEN(F82)-6)),"-") -> Mỏ Cày | M82: =IFERROR(VLOOKUP(L82,'List+TK'!$I$3:$J$9,2,0),"-") -> 83/04 | N82: 6 | O82: =I82 -> Cá tra thương phẩm | P82: ="83/"&IF(LEN(G82)=1,"0"&G82,G82)&"23/"&IF(LEN(B82)=1,"0"&B82,B82) -> 83/0623/12 | Q82: =L82&" "&M82 -> Mỏ Cày 83/04 | R82: =C82&" - "&D82&", "&E82 -> Công ty CP Gò Đàng - Ấp Tân Phong, Xã Thành Thới A | S82: =IF(OR(I82="Tôm chân trắng nhỏ",I82="Tôm sú nhỏ"),0.5,IF(OR(I82="Cá tra nhỏ",I82="Tôm sú thương phẩm",I82="Tôm chân trắng thương phẩm",I82="Tôm sú quảng canh",I82="Nước ương tôm giống"),1,IF(I82="Cá tra thương phẩm",1.5,0))) -> 1.5 | T82: =IFERROR(VLOOKUP(J82,'List+TK'!$D$3:$E$1000,2,0),"-") -> Nhóm Sulfonamides | U82: =H82&"/"&IF(LEN(G82)=1,"0"&G82,G82)&"/2023" -> 21/06/2023 | V82: =IFERROR(VLOOKUP(K82,'List+TK'!$G$3:$H$16,2,0),"-") -> Phạm Minh Thuận | W82: =IF(N82="","",IF(I82="Nước ương tôm giống","Bể "&N82,"Ao "&N82)) -> Ao 6
A83: =_xlfn.AGGREGATE(3,3,$I$4:I83) -> 80 | B83: 13 | C83: Công ty TNHH CBTPXK Vạn Đức Tiền Giang | D83: Ấp Tiên Lợi | E83: Xã Tiên Long | F83: Huyện Châu Thành | G83: 6 | H83: 20 | I83: Cá tra thương phẩm | J83: SUL | K83: Lâm | L83: =IFERROR(IF(F83="Huyện Mỏ Cày Nam","Mỏ Cày",RIGHT(F83,LEN(F83)-6)),"-") -> Châu Thành | M83: =IFERROR(VLOOKUP(L83,'List+TK'!$I$3:$J$9,2,0),"-") -> 83/05 | N83: 2 | O83: =I83 -> Cá tra thương phẩm | P83: ="83/"&IF(LEN(G83)=1,"0"&G83,G83)&"23/"&IF(LEN(B83)=1,"0"&B83,B83) -> 83/0623/13 | Q83: =L83&" "&M83 -> Châu Thành 83/05 | R83: =C83&" - "&D83&", "&E83 -> Công ty TNHH CBTPXK Vạn Đức Tiền Giang - Ấp Tiên Lợi, Xã Tiên Long | S83: =IF(OR(I83="Tôm chân trắng nhỏ",I83="Tôm sú nhỏ"),0.5,IF(OR(I83="Cá tra nhỏ",I83="Tôm sú thương phẩm",I83="Tôm chân trắng thương phẩm",I83="Tôm sú quảng canh",I83="Nước ương tôm giống"),1,IF(I83="Cá tra thương phẩm",1.5,0))) -> 1.5 | T83: =IFERROR(VLOOKUP(J83,'List+TK'!$D$3:$E$1000,2,0),"-") -> Nhóm Sulfonamides | U83: =H83&"/"&IF(LEN(G83)=1,"0"&G83,G83)&"/2023" -> 20/06/2023 | V83: =IFERROR(VLOOKUP(K83,'List+TK'!$G$3:$H$16,2,0),"-") -> Phạm Văn Lâm | W83: =IF(N83="","",IF(I83="Nước ương tôm giống","Bể "&N83,"Ao "&N83)) -> Ao 2
A84: =_xlfn.AGGREGATE(3,3,$I$4:I84) -> 81 | B84: 14 | C84: Công ty TNHH CBTPXK Vạn Đức Tiền Giang | D84: Ấp Tiên Lợi | E84: Xã Tiên Long | F84: Huyện Châu Thành | G84: 6 | H84: 20 | I84: Cá tra thương phẩm | J84: QUI | K84: Lâm | L84: =IFERROR(IF(F84="Huyện Mỏ Cày Nam","Mỏ Cày",RIGHT(F84,LEN(F84)-6)),"-") -> Châu Thành | M84: =IFERROR(VLOOKUP(L84,'List+TK'!$I$3:$J$9,2,0),"-") -> 83/05 | N84: 5 | O84: =I84 -> Cá tra thương phẩm | P84: ="83/"&IF(LEN(G84)=1,"0"&G84,G84)&"23/"&IF(LEN(B84)=1,"0"&B84,B84) -> 83/0623/14 | Q84: =L84&" "&M84 -> Châu Thành 83/05 | R84: =C84&" - "&D84&", "&E84 -> Công ty TNHH CBTPXK Vạn Đức Tiền Giang - Ấp Tiên Lợi, Xã Tiên Long | S84: =IF(OR(I84="Tôm chân trắng nhỏ",I84="Tôm sú nhỏ"),0.5,IF(OR(I84="Cá tra nhỏ",I84="Tôm sú thương phẩm",I84="Tôm chân trắng thương phẩm",I84="Tôm sú quảng canh",I84="Nước ương tôm giống"),1,IF(I84="Cá tra thương phẩm",1.5,0))) -> 1.5 | T84: =IFERROR(VLOOKUP(J84,'List+TK'!$D$3:$E$1000,2,0),"-") -> Nhóm Quinolones | U84: =H84&"/"&IF(LEN(G84)=1,"0"&G84,G84)&"/2023" -> 20/06/2023 | V84: =IFERROR(VLOOKUP(K84,'List+TK'!$G$3:$H$16,2,0),"-") -> Phạm Văn Lâm | W84: =IF(N84="","",IF(I84="Nước ương tôm giống","Bể "&N84,"Ao "&N84)) -> Ao 5
A85: =_xlfn.AGGREGATE(3,3,$I$4:I85) -> 82 | B85: 15 | C85: Công ty CP Gò Đàng | D85: Ấp 1 | E85: Xã Hưng Phong | F85: Huyện Giồng Trôm | G85: 6 | H85: 22 | I85: Cá tra thương phẩm | J85: Trim | K85: Thuận | L85: =IFERROR(IF(F85="Huyện Mỏ Cày Nam","Mỏ Cày",RIGHT(F85,LEN(F85)-6)),"-") -> Giồng Trôm | M85: =IFERROR(VLOOKUP(L85,'List+TK'!$I$3:$J$9,2,0),"-") -> 83/06 | N85: B3 | O85: =I85 -> Cá tra thương phẩm | P85: ="83/"&IF(LEN(G85)=1,"0"&G85,G85)&"23/"&IF(LEN(B85)=1,"0"&B85,B85) -> 83/0623/15 | Q85: =L85&" "&M85 -> Giồng Trôm 83/06 | R85: =C85&" - "&D85&", "&E85 -> Công ty CP Gò Đàng - Ấp 1, Xã Hưng Phong | S85: =IF(OR(I85="Tôm chân trắng nhỏ",I85="Tôm sú nhỏ"),0.5,IF(OR(I85="Cá tra nhỏ",I85="Tôm sú thương phẩm",I85="Tôm chân trắng thương phẩm",I85="Tôm sú quảng canh",I85="Nước ương tôm giống"),1,IF(I85="Cá tra thương phẩm",1.5,0))) -> 1.5 | T85: =IFERROR(VLOOKUP(J85,'List+TK'!$D$3:$E$1000,2,0),"-") -> Trimethoprim | U85: =H85&"/"&IF(LEN(G85)=1,"0"&G85,G85)&"/2023" -> 22/06/2023 | V85: =IFERROR(VLOOKUP(K85,'List+TK'!$G$3:$H$16,2,0),"-") -> Phạm Minh Thuận | W85: =IF(N85="","",IF(I85="Nước ương tôm giống","Bể "&N85,"Ao "&N85)) -> Ao B3
A86: =_xlfn.AGGREGATE(3,3,$I$4:I86) -> 83 | B86: 16 | C86: Công ty CP Gò Đàng | D86: Ấp 1 | E86: Xã Hưng Phong | F86: Huyện Giồng Trôm | G86: 6 | H86: 22 | I86: Cá tra thương phẩm | J86: Orme | K86: Thuận | L86: =IFERROR(IF(F86="Huyện Mỏ Cày Nam","Mỏ Cày",RIGHT(F86,LEN(F86)-6)),"-") -> Giồng Trôm | M86: =IFERROR(VLOOKUP(L86,'List+TK'!$I$3:$J$9,2,0),"-") -> 83/06 | N86: B5 | O86: =I86 -> Cá tra thương phẩm | P86: ="83/"&IF(LEN(G86)=1,"0"&G86,G86)&"23/"&IF(LEN(B86)=1,"0"&B86,B86) -> 83/0623/16 | Q86: =L86&" "&M86 -> Giồng Trôm 83/06 | R86: =C86&" - "&D86&", "&E86 -> Công ty CP Gò Đàng - Ấp 1, Xã Hưng Phong | S86: =IF(OR(I86="Tôm chân trắng nhỏ",I86="Tôm sú nhỏ"),0.5,IF(OR(I86="Cá tra nhỏ",I86="Tôm sú thương phẩm",I86="Tôm chân trắng thương phẩm",I86="Tôm sú quảng canh",I86="Nước ương tôm giống"),1,IF(I86="Cá tra thương phẩm",1.5,0))) -> 1.5 | T86: =IFERROR(VLOOKUP(J86,'List+TK'!$D$3:$E$1000,2,0),"-") -> Ormetoprim | U86: =H86&"/"&IF(LEN(G86)=1,"0"&G86,G86)&"/2023" -> 22/06/2023 | V86: =IFERROR(VLOOKUP(K86,'List+TK'!$G$3:$H$16,2,0),"-") -> Phạm Minh Thuận | W86: =IF(N86="","",IF(I86="Nước ương tôm giống","Bể "&N86,"Ao "&N86)) -> Ao B5
A87: =_xlfn.AGGREGATE(3,3,$I$4:I87) -> 84 | B87: 17 | C87: Công ty CP Thủy sản Vinh Quang | D87: Ấp Quân Bình | E87: Xã Tân Thiềng | F87: Huyện Chợ Lách | G87: 6 | H87: 21 | I87: Cá tra thương phẩm | J87: TC | K87: Lâm | L87: =IFERROR(IF(F87="Huyện Mỏ Cày Nam","Mỏ Cày",RIGHT(F87,LEN(F87)-6)),"-") -> Chợ Lách | M87: =IFERROR(VLOOKUP(L87,'List+TK'!$I$3:$J$9,2,0),"-") -> 83/07 | N87: 2B | O87: =I87 -> Cá tra thương phẩm | P87: ="83/"&IF(LEN(G87)=1,"0"&G87,G87)&"23/"&IF(LEN(B87)=1,"0"&B87,B87) -> 83/0623/17 | Q87: =L87&" "&M87 -> Chợ Lách 83/07 | R87: =C87&" - "&D87&", "&E87 -> Công ty CP Thủy sản Vinh Quang - Ấp Quân Bình, Xã Tân Thiềng | S87: =IF(OR(I87="Tôm chân trắng nhỏ",I87="Tôm sú nhỏ"),0.5,IF(OR(I87="Cá tra nhỏ",I87="Tôm sú thương phẩm",I87="Tôm chân trắng thương phẩm",I87="Tôm sú quảng canh",I87="Nước ương tôm giống"),1,IF(I87="Cá tra thương phẩm",1.5,0))) -> 1.5 | T87: =IFERROR(VLOOKUP(J87,'List+TK'!$D$3:$E$1000,2,0),"-") -> Nhóm Tetracyclines | U87: =H87&"/"&IF(LEN(G87)=1,"0"&G87,G87)&"/2023" -> 21/06/2023 | V87: =IFERROR(VLOOKUP(K87,'List+TK'!$G$3:$H$16,2,0),"-") -> Phạm Văn Lâm | W87: =IF(N87="","",IF(I87="Nước ương tôm giống","Bể "&N87,"Ao "&N87)) -> Ao 2B
A88: =_xlfn.AGGREGATE(3,3,$I$4:I88) -> 85 | B88: 18 | C88: Công ty CP Thủy sản Vinh Quang | D88: Ấp Quân Bình | E88: Xã Tân Thiềng | F88: Huyện Chợ Lách | G88: 6 | H88: 21 | I88: Cá tra thương phẩm | J88: SUL | K88: Lâm | L88: =IFERROR(IF(F88="Huyện Mỏ Cày Nam","Mỏ Cày",RIGHT(F88,LEN(F88)-6)),"-") -> Chợ Lách | M88: =IFERROR(VLOOKUP(L88,'List+TK'!$I$3:$J$9,2,0),"-") -> 83/07 | N88: 2 | O88: =I88 -> Cá tra thương phẩm | P88: ="83/"&IF(LEN(G88)=1,"0"&G88,G88)&"23/"&IF(LEN(B88)=1,"0"&B88,B88) -> 83/0623/18 | Q88: =L88&" "&M88 -> Chợ Lách 83/07 | R88: =C88&" - "&D88&", "&E88 -> Công ty CP Thủy sản Vinh Quang - Ấp Quân Bình, Xã Tân Thiềng | S88: =IF(OR(I88="Tôm chân trắng nhỏ",I88="Tôm sú nhỏ"),0.5,IF(OR(I88="Cá tra nhỏ",I88="Tôm sú thương phẩm",I88="Tôm chân trắng thương phẩm",I88="Tôm sú quảng canh",I88="Nước ương tôm giống"),1,IF(I88="Cá tra thương phẩm",1.5,0))) -> 1.5 | T88: =IFERROR(VLOOKUP(J88,'List+TK'!$D$3:$E$1000,2,0),"-") -> Nhóm Sulfonamides | U88: =H88&"/"&IF(LEN(G88)=1,"0"&G88,G88)&"/2023" -> 21/06/2023 | V88: =IFERROR(VLOOKUP(K88,'List+TK'!$G$3:$H$16,2,0),"-") -> Phạm Văn Lâm | W88: =IF(N88="","",IF(I88="Nước ương tôm giống","Bể "&N88,"Ao "&N88)) -> Ao 2
A89: =_xlfn.AGGREGATE(3,3,$I$4:I89) -> 86 | B89: 19 | C89: Công ty CP Thủy sản Vinh Quang | D89: Ấp Quân Bình | E89: Xã Tân Thiềng | F89: Huyện Chợ Lách | G89: 6 | H89: 21 | I89: Cá tra thương phẩm | J89: Orme | K89: Lâm | L89: =IFERROR(IF(F89="Huyện Mỏ Cày Nam","Mỏ Cày",RIGHT(F89,LEN(F89)-6)),"-") -> Chợ Lách | M89: =IFERROR(VLOOKUP(L89,'List+TK'!$I$3:$J$9,2,0),"-") -> 83/07 | N89: 5 | O89: =I89 -> Cá tra thương phẩm | P89: ="83/"&IF(LEN(G89)=1,"0"&G89,G89)&"23/"&IF(LEN(B89)=1,"0"&B89,B89) -> 83/0623/19 | Q89: =L89&" "&M89 -> Chợ Lách 83/07 | R89: =C89&" - "&D89&", "&E89 -> Công ty CP Thủy sản Vinh Quang - Ấp Quân Bình, Xã Tân Thiềng | S89: =IF(OR(I89="Tôm chân trắng nhỏ",I89="Tôm sú nhỏ"),0.5,IF(OR(I89="Cá tra nhỏ",I89="Tôm sú thương phẩm",I89="Tôm chân trắng thương phẩm",I89="Tôm sú quảng canh",I89="Nước ương tôm giống"),1,IF(I89="Cá tra thương phẩm",1.5,0))) -> 1.5 | T89: =IFERROR(VLOOKUP(J89,'List+TK'!$D$3:$E$1000,2,0),"-") -> Ormetoprim | U89: =H89&"/"&IF(LEN(G89)=1,"0"&G89,G89)&"/2023" -> 21/06/2023 | V89: =IFERROR(VLOOKUP(K89,'List+TK'!$G$3:$H$16,2,0),"-") -> Phạm Văn Lâm | W89: =IF(N89="","",IF(I89="Nước ương tôm giống","Bể "&N89,"Ao "&N89)) -> Ao 5
A90: =_xlfn.AGGREGATE(3,3,$I$4:I90) -> 87 | B90: 20 | C90: Công ty TNHH CBTPXK Vạn Đức Tiền Giang | D90: Ấp Thiện Lương | E90: Xã Tân Thiềng | F90: Huyện Chợ Lách | G90: 6 | H90: 21 | I90: Cá tra thương phẩm | J90: Fosfo | K90: Lâm | L90: =IFERROR(IF(F90="Huyện Mỏ Cày Nam","Mỏ Cày",RIGHT(F90,LEN(F90)-6)),"-") -> Chợ Lách | M90: =IFERROR(VLOOKUP(L90,'List+TK'!$I$3:$J$9,2,0),"-") -> 83/07 | N90: 11 | O90: =I90 -> Cá tra thương phẩm | P90: ="83/"&IF(LEN(G90)=1,"0"&G90,G90)&"23/"&IF(LEN(B90)=1,"0"&B90,B90) -> 83/0623/20 | Q90: =L90&" "&M90 -> Chợ Lách 83/07 | R90: =C90&" - "&D90&", "&E90 -> Công ty TNHH CBTPXK Vạn Đức Tiền Giang - Ấp Thiện Lương, Xã Tân Thiềng | S90: =IF(OR(I90="Tôm chân trắng nhỏ",I90="Tôm sú nhỏ"),0.5,IF(OR(I90="Cá tra nhỏ",I90="Tôm sú thương phẩm",I90="Tôm chân trắng thương phẩm",I90="Tôm sú quảng canh",I90="Nước ương tôm giống"),1,IF(I90="Cá tra thương phẩm",1.5,0))) -> 1.5 | T90: =IFERROR(VLOOKUP(J90,'List+TK'!$D$3:$E$1000,2,0),"-") -> Fosfomycin | U90: =H90&"/"&IF(LEN(G90)=1,"0"&G90,G90)&"/2023" -> 21/06/2023 | V90: =IFERROR(VLOOKUP(K90,'List+TK'!$G$3:$H$16,2,0),"-") -> Phạm Văn Lâm | W90: =IF(N90="","",IF(I90="Nước ương tôm giống","Bể "&N90,"Ao "&N90)) -> Ao 11
A91: =_xlfn.AGGREGATE(3,3,$I$4:I91) -> 88 | B91: 1 | C91: Nguyễn Văn Đấu | D91: Ấp 7 | E91: Xã An Thủy | F91: Huyện Ba Tri | G91: 7 | H91: 11 | I91: Tôm sú thương phẩm | J91: Eryth | K91: Thuận | L91: =IFERROR(IF(F91="Huyện Mỏ Cày Nam","Mỏ Cày",RIGHT(F91,LEN(F91)-6)),"-") -> Ba Tri | M91: =IFERROR(VLOOKUP(L91,'List+TK'!$I$3:$J$9,2,0),"-") -> 83/01 | N91: 1 | O91: =I91 -> Tôm sú thương phẩm | P91: ="83/"&IF(LEN(G91)=1,"0"&G91,G91)&"23/"&IF(LEN(B91)=1,"0"&B91,B91) -> 83/0723/01 | Q91: =L91&" "&M91 -> Ba Tri 83/01 | R91: =C91&" - "&D91&", "&E91 -> Nguyễn Văn Đấu - Ấp 7, Xã An Thủy | S91: =IF(OR(I91="Tôm chân trắng nhỏ",I91="Tôm sú nhỏ"),0.5,IF(OR(I91="Cá tra nhỏ",I91="Tôm sú thương phẩm",I91="Tôm chân trắng thương phẩm",I91="Tôm sú quảng canh",I91="Nước ương tôm giống"),1,IF(I91="Cá tra thương phẩm",1.5,0))) -> 1 | T91: =IFERROR(VLOOKUP(J91,'List+TK'!$D$3:$E$1000,2,0),"-") -> Erythromycin | U91: =H91&"/"&IF(LEN(G91)=1,"0"&G91,G91)&"/2023" -> 11/07/2023 | V91: =IFERROR(VLOOKUP(K91,'List+TK'!$G$3:$H$16,2,0),"-") -> Phạm Minh Thuận | W91: =IF(N91="","",IF(I91="Nước ương tôm giống","Bể "&N91,"Ao "&N91)) -> Ao 1
A92: =_xlfn.AGGREGATE(3,3,$I$4:I92) -> 89 | B92: 2 | C92: Nguyễn Văn Đấu | D92: Ấp 7 | E92: Xã An Thủy | F92: Huyện Ba Tri | G92: 7 | H92: 11 | I92: Tôm chân trắng thương phẩm | J92: CAP | K92: Thuận | L92: =IFERROR(IF(F92="Huyện Mỏ Cày Nam","Mỏ Cày",RIGHT(F92,LEN(F92)-6)),"-") -> Ba Tri | M92: =IFERROR(VLOOKUP(L92,'List+TK'!$I$3:$J$9,2,0),"-") -> 83/01 | N92: 2 | O92: =I92 -> Tôm chân trắng thương phẩm | P92: ="83/"&IF(LEN(G92)=1,"0"&G92,G92)&"23/"&IF(LEN(B92)=1,"0"&B92,B92) -> 83/0723/02 | Q92: =L92&" "&M92 -> Ba Tri 83/01 | R92: =C92&" - "&D92&", "&E92 -> Nguyễn Văn Đấu - Ấp 7, Xã An Thủy | S92: =IF(OR(I92="Tôm chân trắng nhỏ",I92="Tôm sú nhỏ"),0.5,IF(OR(I92="Cá tra nhỏ",I92="Tôm sú thương phẩm",I92="Tôm chân trắng thương phẩm",I92="Tôm sú quảng canh",I92="Nước ương tôm giống"),1,IF(I92="Cá tra thương phẩm",1.5,0))) -> 1 | T92: =IFERROR(VLOOKUP(J92,'List+TK'!$D$3:$E$1000,2,0),"-") -> Chloramphenicol | U92: =H92&"/"&IF(LEN(G92)=1,"0"&G92,G92)&"/2023" -> 11/07/2023 | V92: =IFERROR(VLOOKUP(K92,'List+TK'!$G$3:$H$16,2,0),"-") -> Phạm Minh Thuận | W92: =IF(N92="","",IF(I92="Nước ương tôm giống","Bể "&N92,"Ao "&N92)) -> Ao 2
A93: =_xlfn.AGGREGATE(3,3,$I$4:I93) -> 90 | B93: 3 | C93: Công ty CP Gò Đàng | D93: Ấp 4 | E93: Xã Tân Xuân | F93: Huyện Ba Tri | G93: 7 | H93: 11 | I93: Cá tra thương phẩm | J93: Fosfo | K93: Thuận | L93: =IFERROR(IF(F93="Huyện Mỏ Cày Nam","Mỏ Cày",RIGHT(F93,LEN(F93)-6)),"-") -> Ba Tri | M93: =IFERROR(VLOOKUP(L93,'List+TK'!$I$3:$J$9,2,0),"-") -> 83/01 | N93: A3 | O93: =I93 -> Cá tra thương phẩm | P93: ="83/"&IF(LEN(G93)=1,"0"&G93,G93)&"23/"&IF(LEN(B93)=1,"0"&B93,B93) -> 83/0723/03 | Q93: =L93&" "&M93 -> Ba Tri 83/01 | R93: =C93&" - "&D93&", "&E93 -> Công ty CP Gò Đàng - Ấp 4, Xã Tân Xuân | S93: =IF(OR(I93="Tôm chân trắng nhỏ",I93="Tôm sú nhỏ"),0.5,IF(OR(I93="Cá tra nhỏ",I93="Tôm sú thương phẩm",I93="Tôm chân trắng thương phẩm",I93="Tôm sú quảng canh",I93="Nước ương tôm giống"),1,IF(I93="Cá tra thương phẩm",1.5,0))) -> 1.5 | T93: =IFERROR(VLOOKUP(J93,'List+TK'!$D$3:$E$1000,2,0),"-") -> Fosfomycin | U93: =H93&"/"&IF(LEN(G93)=1,"0"&G93,G93)&"/2023" -> 11/07/2023 | V93: =IFERROR(VLOOKUP(K93,'List+TK'!$G$3:$H$16,2,0),"-") -> Phạm Minh Thuận | W93: =IF(N93="","",IF(I93="Nước ương tôm giống","Bể "&N93,"Ao "&N93)) -> Ao A3
A94: =_xlfn.AGGREGATE(3,3,$I$4:I94) -> 91 | B94: 4 | C94: Nguyễn Văn Mười | D94: Ấp Bình Thạnh 3 | E94: Xã Thạnh Trị | F94: Huyện Bình Đại | G94: 7 | H94: 12 | I94: Tôm sú thương phẩm | J94: B3e tôm | K94: Nguyên | L94: =IFERROR(IF(F94="Huyện Mỏ Cày Nam","Mỏ Cày",RIGHT(F94,LEN(F94)-6)),"-") -> Bình Đại | M94: =IFERROR(VLOOKUP(L94,'List+TK'!$I$3:$J$9,2,0),"-") -> 83/02 | N94: 1 | O94: =I94 -> Tôm sú thương phẩm | P94: ="83/"&IF(LEN(G94)=1,"0"&G94,G94)&"23/"&IF(LEN(B94)=1,"0"&B94,B94) -> 83/0723/04 | Q94: =L94&" "&M94 -> Bình Đại 83/02 | R94: =C94&" - "&D94&", "&E94 -> Nguyễn Văn Mười - Ấp Bình Thạnh 3, Xã Thạnh Trị | S94: =IF(OR(I94="Tôm chân trắng nhỏ",I94="Tôm sú nhỏ"),0.5,IF(OR(I94="Cá tra nhỏ",I94="Tôm sú thương phẩm",I94="Tôm chân trắng thương phẩm",I94="Tôm sú quảng canh",I94="Nước ương tôm giống"),1,IF(I94="Cá tra thương phẩm",1.5,0))) -> 1 | T94: =IFERROR(VLOOKUP(J94,'List+TK'!$D$3:$E$1000,2,0),"-") -> - | U94: =H94&"/"&IF(LEN(G94)=1,"0"&G94,G94)&"/2023" -> 12/07/2023 | V94: =IFERROR(VLOOKUP(K94,'List+TK'!$G$3:$H$16,2,0),"-") -> Cao Quang Nguyên | W94: =IF(N94="","",IF(I94="Nước ương tôm giống","Bể "&N94,"Ao "&N94)) -> Ao 1
A95: =_xlfn.AGGREGATE(3,3,$I$4:I95) -> 92 | B95: 5 | C95: Nguyễn Văn Mười | D95: Ấp Bình Thạnh 3 | E95: Xã Thạnh Trị | F95: Huyện Bình Đại | G95: 7 | H95: 12 | I95: Tôm chân trắng thương phẩm | J95: SUL | K95: Nguyên | L95: =IFERROR(IF(F95="Huyện Mỏ Cày Nam","Mỏ Cày",RIGHT(F95,LEN(F95)-6)),"-") -> Bình Đại | M95: =IFERROR(VLOOKUP(L95,'List+TK'!$I$3:$J$9,2,0),"-") -> 83/02 | N95: 2 | O95: =I95 -> Tôm chân trắng thương phẩm | P95: ="83/"&IF(LEN(G95)=1,"0"&G95,G95)&"23/"&IF(LEN(B95)=1,"0"&B95,B95) -> 83/0723/05 | Q95: =L95&" "&M95 -> Bình Đại 83/02 | R95: =C95&" - "&D95&", "&E95 -> Nguyễn Văn Mười - Ấp Bình Thạnh 3, Xã Thạnh Trị | S95: =IF(OR(I95="Tôm chân trắng nhỏ",I95="Tôm sú nhỏ"),0.5,IF(OR(I95="Cá tra nhỏ",I95="Tôm sú thương phẩm",I95="Tôm chân trắng thương phẩm",I95="Tôm sú quảng canh",I95="Nước ương tôm giống"),1,IF(I95="Cá tra thương phẩm",1.5,0))) -> 1 | T95: =IFERROR(VLOOKUP(J95,'List+TK'!$D$3:$E$1000,2,0),"-") -> Nhóm Sulfonamides | U95: =H95&"/"&IF(LEN(G95)=1,"0"&G95,G95)&"/2023" -> 12/07/2023 | V95: =IFERROR(VLOOKUP(K95,'List+TK'!$G$3:$H$16,2,0),"-") -> Cao Quang Nguyên | W95: =IF(N95="","",IF(I95="Nước ương tôm giống","Bể "&N95,"Ao "&N95)) -> Ao 2
A96: =_xlfn.AGGREGATE(3,3,$I$4:I96) -> 93 | B96: 6 | C96: Công ty CP Gò Đàng | D96: Ấp Vinh Xương | E96: Xã Vang Quới Đông | F96: Huyện Bình Đại | G96: 7 | H96: 12 | I96: Cá tra thương phẩm | J96: TC | K96: Nguyên | L96: =IFERROR(IF(F96="Huyện Mỏ Cày Nam","Mỏ Cày",RIGHT(F96,LEN(F96)-6)),"-") -> Bình Đại | M96: =IFERROR(VLOOKUP(L96,'List+TK'!$I$3:$J$9,2,0),"-") -> 83/02 | N96: D1 | O96: =I96 -> Cá tra thương phẩm | P96: ="83/"&IF(LEN(G96)=1,"0"&G96,G96)&"23/"&IF(LEN(B96)=1,"0"&B96,B96) -> 83/0723/06 | Q96: =L96&" "&M96 -> Bình Đại 83/02 | R96: =C96&" - "&D96&", "&E96 -> Công ty CP Gò Đàng - Ấp Vinh Xương, Xã Vang Quới Đông | S96: =IF(OR(I96="Tôm chân trắng nhỏ",I96="Tôm sú nhỏ"),0.5,IF(OR(I96="Cá tra nhỏ",I96="Tôm sú thương phẩm",I96="Tôm chân trắng thương phẩm",I96="Tôm sú quảng canh",I96="Nước ương tôm giống"),1,IF(I96="Cá tra thương phẩm",1.5,0))) -> 1.5 | T96: =IFERROR(VLOOKUP(J96,'List+TK'!$D$3:$E$1000,2,0),"-") -> Nhóm Tetracyclines | U96: =H96&"/"&IF(LEN(G96)=1,"0"&G96,G96)&"/2023" -> 12/07/2023 | V96: =IFERROR(VLOOKUP(K96,'List+TK'!$G$3:$H$16,2,0),"-") -> Cao Quang Nguyên | W96: =IF(N96="","",IF(I96="Nước ương tôm giống","Bể "&N96,"Ao "&N96)) -> Ao D1
A97: =_xlfn.AGGREGATE(3,3,$I$4:I97) -> 94 | B97: 7 | C97: Công ty CP Gò Đàng | D97: Ấp Vinh Xương | E97: Xã Vang Quới Đông | F97: Huyện Bình Đại | G97: 7 | H97: 12 | I97: Cá tra thương phẩm | J97: Trim | K97: Nguyên | L97: =IFERROR(IF(F97="Huyện Mỏ Cày Nam","Mỏ Cày",RIGHT(F97,LEN(F97)-6)),"-") -> Bình Đại | M97: =IFERROR(VLOOKUP(L97,'List+TK'!$I$3:$J$9,2,0),"-") -> 83/02 | N97: D4 | O97: =I97 -> Cá tra thương phẩm | P97: ="83/"&IF(LEN(G97)=1,"0"&G97,G97)&"23/"&IF(LEN(B97)=1,"0"&B97,B97) -> 83/0723/07 | Q97: =L97&" "&M97 -> Bình Đại 83/02 | R97: =C97&" - "&D97&", "&E97 -> Công ty CP Gò Đàng - Ấp Vinh Xương, Xã Vang Quới Đông | S97: =IF(OR(I97="Tôm chân trắng nhỏ",I97="Tôm sú nhỏ"),0.5,IF(OR(I97="Cá tra nhỏ",I97="Tôm sú thương phẩm",I97="Tôm chân trắng thương phẩm",I97="Tôm sú quảng canh",I97="Nước ương tôm giống"),1,IF(I97="Cá tra thương phẩm",1.5,0))) -> 1.5 | T97: =IFERROR(VLOOKUP(J97,'List+TK'!$D$3:$E$1000,2,0),"-") -> Trimethoprim | U97: =H97&"/"&IF(LEN(G97)=1,"0"&G97,G97)&"/2023" -> 12/07/2023 | V97: =IFERROR(VLOOKUP(K97,'List+TK'!$G$3:$H$16,2,0),"-") -> Cao Quang Nguyên | W97: =IF(N97="","",IF(I97="Nước ương tôm giống","Bể "&N97,"Ao "&N97)) -> Ao D4
A98: =_xlfn.AGGREGATE(3,3,$I$4:I98) -> 95 | B98: 8 | C98: Đặng Thái Bình | D98: Ấp An Định | E98: Xã An Nhơn | F98: Huyện Thạnh Phú | G98: 7 | H98: 13 | I98: Tôm sú thương phẩm | J98: Flor | K98: Nguyên | L98: =IFERROR(IF(F98="Huyện Mỏ Cày Nam","Mỏ Cày",RIGHT(F98,LEN(F98)-6)),"-") -> Thạnh Phú | M98: =IFERROR(VLOOKUP(L98,'List+TK'!$I$3:$J$9,2,0),"-") -> 83/03 | N98: 1 | O98: =I98 -> Tôm sú thương phẩm | P98: ="83/"&IF(LEN(G98)=1,"0"&G98,G98)&"23/"&IF(LEN(B98)=1,"0"&B98,B98) -> 83/0723/08 | Q98: =L98&" "&M98 -> Thạnh Phú 83/03 | R98: =C98&" - "&D98&", "&E98 -> Đặng Thái Bình - Ấp An Định, Xã An Nhơn | S98: =IF(OR(I98="Tôm chân trắng nhỏ",I98="Tôm sú nhỏ"),0.5,IF(OR(I98="Cá tra nhỏ",I98="Tôm sú thương phẩm",I98="Tôm chân trắng thương phẩm",I98="Tôm sú quảng canh",I98="Nước ương tôm giống"),1,IF(I98="Cá tra thương phẩm",1.5,0))) -> 1 | T98: =IFERROR(VLOOKUP(J98,'List+TK'!$D$3:$E$1000,2,0),"-") -> Florfenicol | U98: =H98&"/"&IF(LEN(G98)=1,"0"&G98,G98)&"/2023" -> 13/07/2023 | V98: =IFERROR(VLOOKUP(K98,'List+TK'!$G$3:$H$16,2,0),"-") -> Cao Quang Nguyên | W98: =IF(N98="","",IF(I98="Nước ương tôm giống","Bể "&N98,"Ao "&N98)) -> Ao 1
A99: =_xlfn.AGGREGATE(3,3,$I$4:I99) -> 96 | B99: 9 | C99: Lê Văn Nói | E99: Xã An Thuận | F99: Huyện Thạnh Phú | G99: 7 | H99: 13 | I99: Tôm sú quảng canh | J99: CAP | K99: Nguyên | L99: =IFERROR(IF(F99="Huyện Mỏ Cày Nam","Mỏ Cày",RIGHT(F99,LEN(F99)-6)),"-") -> Thạnh Phú | M99: =IFERROR(VLOOKUP(L99,'List+TK'!$I$3:$J$9,2,0),"-") -> 83/03 | O99: =I99 -> Tôm sú quảng canh | P99: ="83/"&IF(LEN(G99)=1,"0"&G99,G99)&"23/"&IF(LEN(B99)=1,"0"&B99,B99) -> 83/0723/09 | Q99: =L99&" "&M99 -> Thạnh Phú 83/03 | R99: =C99&" - "&D99&", "&E99 -> Lê Văn Nói - , Xã An Thuận | S99: =IF(OR(I99="Tôm chân trắng nhỏ",I99="Tôm sú nhỏ"),0.5,IF(OR(I99="Cá tra nhỏ",I99="Tôm sú thương phẩm",I99="Tôm chân trắng thương phẩm",I99="Tôm sú quảng canh",I99="Nước ương tôm giống"),1,IF(I99="Cá tra thương phẩm",1.5,0))) -> 1 | T99: =IFERROR(VLOOKUP(J99,'List+TK'!$D$3:$E$1000,2,0),"-") -> Chloramphenicol | U99: =H99&"/"&IF(LEN(G99)=1,"0"&G99,G99)&"/2023" -> 13/07/2023 | V99: =IFERROR(VLOOKUP(K99,'List+TK'!$G$3:$H$16,2,0),"-") -> Cao Quang Nguyên | W99: =IF(N99="","",IF(I99="Nước ương tôm giống","Bể "&N99,"Ao "&N99))
A100: =_xlfn.AGGREGATE(3,3,$I$4:I100) -> 97 | B100: 10 | C100: Đặng Thái Bình | D100: Ấp An Định | E100: Xã An Nhơn | F100: Huyện Thạnh Phú | G100: 7 | H100: 13 | I100: Tôm chân trắng thương phẩm | J100: Orme | K100: Nguyên | L100: =IFERROR(IF(F100="Huyện Mỏ Cày Nam","Mỏ Cày",RIGHT(F100,LEN(F100)-6)),"-") -> Thạnh Phú | M100: =IFERROR(VLOOKUP(L100,'List+TK'!$I$3:$J$9,2,0),"-") -> 83/03 | N100: 2 | O100: =I100 -> Tôm chân trắng thương phẩm | P100: ="83/"&IF(LEN(G100)=1,"0"&G100,G100)&"23/"&IF(LEN(B100)=1,"0"&B100,B100) -> 83/0723/10 | Q100: =L100&" "&M100 -> Thạnh Phú 83/03 | R100: =C100&" - "&D100&", "&E100 -> Đặng Thái Bình - Ấp An Định, Xã An Nhơn | S100: =IF(OR(I100="Tôm chân trắng nhỏ",I100="Tôm sú nhỏ"),0.5,IF(OR(I100="Cá tra nhỏ",I100="Tôm sú thương phẩm",I100="Tôm chân trắng thương phẩm",I100="Tôm sú quảng canh",I100="Nước ương tôm giống"),1,IF(I100="Cá tra thương phẩm",1.5,0))) -> 1 | T100: =IFERROR(VLOOKUP(J100,'List+TK'!$D$3:$E$1000,2,0),"-") -> Ormetoprim | U100: =H100&"/"&IF(LEN(G100)=1,"0"&G100,G100)&"/2023" -> 13/07/2023 | V100: =IFERROR(VLOOKUP(K100,'List+TK'!$G$3:$H$16,2,0),"-") -> Cao Quang Nguyên | W100: =IF(N100="","",IF(I100="Nước ương tôm giống","Bể "&N100,"Ao "&N100)) -> Ao 2
A101: =_xlfn.AGGREGATE(3,3,$I$4:I101) -> 98 | B101: 11 | C101: Công ty CPTS Hải Hương | D101: Ấp Phú Hữu | E101: Xã Cẩm Sơn | F101: Huyện Mỏ Cày Nam | G101: 7 | H101: 12 | I101: Cá tra thương phẩm | J101: QUI | K101: Thuận | L101: =IFERROR(IF(F101="Huyện Mỏ Cày Nam","Mỏ Cày",RIGHT(F101,LEN(F101)-6)),"-") -> Mỏ Cày | M101: =IFERROR(VLOOKUP(L101,'List+TK'!$I$3:$J$9,2,0),"-") -> 83/04 | N101: 1 | O101: =I101 -> Cá tra thương phẩm | P101: ="83/"&IF(LEN(G101)=1,"0"&G101,G101)&"23/"&IF(LEN(B101)=1,"0"&B101,B101) -> 83/0723/11 | Q101: =L101&" "&M101 -> Mỏ Cày 83/04 | R101: =C101&" - "&D101&", "&E101 -> Công ty CPTS Hải Hương - Ấp Phú Hữu, Xã Cẩm Sơn | S101: =IF(OR(I101="Tôm chân trắng nhỏ",I101="Tôm sú nhỏ"),0.5,IF(OR(I101="Cá tra nhỏ",I101="Tôm sú thương phẩm",I101="Tôm chân trắng thương phẩm",I101="Tôm sú quảng canh",I101="Nước ương tôm giống"),1,IF(I101="Cá tra thương phẩm",1.5,0))) -> 1.5 | T101: =IFERROR(VLOOKUP(J101,'List+TK'!$D$3:$E$1000,2,0),"-") -> Nhóm Quinolones | U101: =H101&"/"&IF(LEN(G101)=1,"0"&G101,G101)&"/2023" -> 12/07/2023 | V101: =IFERROR(VLOOKUP(K101,'List+TK'!$G$3:$H$16,2,0),"-") -> Phạm Minh Thuận | W101: =IF(N101="","",IF(I101="Nước ương tôm giống","Bể "&N101,"Ao "&N101)) -> Ao 1
A102: =_xlfn.AGGREGATE(3,3,$I$4:I102) -> 99 | B102: 12 | C102: Công ty CP Gò Đàng | D102: Ấp Tiên Thạnh | E102: Xã Tiên Long | F102: Huyện Châu Thành | G102: 7 | H102: 12 | I102: Cá tra thương phẩm | J102: Trim | K102: Khanh | L102: =IFERROR(IF(F102="Huyện Mỏ Cày Nam","Mỏ Cày",RIGHT(F102,LEN(F102)-6)),"-") -> Châu Thành | M102: =IFERROR(VLOOKUP(L102,'List+TK'!$I$3:$J$9,2,0),"-") -> 83/05 | N102: C1 | O102: =I102 -> Cá tra thương phẩm | P102: ="83/"&IF(LEN(G102)=1,"0"&G102,G102)&"23/"&IF(LEN(B102)=1,"0"&B102,B102) -> 83/0723/12 | Q102: =L102&" "&M102 -> Châu Thành 83/05 | R102: =C102&" - "&D102&", "&E102 -> Công ty CP Gò Đàng - Ấp Tiên Thạnh, Xã Tiên Long | S102: =IF(OR(I102="Tôm chân trắng nhỏ",I102="Tôm sú nhỏ"),0.5,IF(OR(I102="Cá tra nhỏ",I102="Tôm sú thương phẩm",I102="Tôm chân trắng thương phẩm",I102="Tôm sú quảng canh",I102="Nước ương tôm giống"),1,IF(I102="Cá tra thương phẩm",1.5,0))) -> 1.5 | T102: =IFERROR(VLOOKUP(J102,'List+TK'!$D$3:$E$1000,2,0),"-") -> Trimethoprim | U102: =H102&"/"&IF(LEN(G102)=1,"0"&G102,G102)&"/2023" -> 12/07/2023 | V102: =IFERROR(VLOOKUP(K102,'List+TK'!$G$3:$H$16,2,0),"-") -> Nguyễn Duy Khanh | W102: =IF(N102="","",IF(I102="Nước ương tôm giống","Bể "&N102,"Ao "&N102)) -> Ao C1
A103: =_xlfn.AGGREGATE(3,3,$I$4:I103) -> 100 | B103: 13 | C103: Công ty CP Gò Đàng | D103: Ấp Tiên Thạnh | E103: Xã Tiên Long | F103: Huyện Châu Thành | G103: 7 | H103: 12 | I103: Cá tra thương phẩm | J103: Orme | K103: Khanh | L103: =IFERROR(IF(F103="Huyện Mỏ Cày Nam","Mỏ Cày",RIGHT(F103,LEN(F103)-6)),"-") -> Châu Thành | M103: =IFERROR(VLOOKUP(L103,'List+TK'!$I$3:$J$9,2,0),"-") -> 83/05 | N103: C4 | O103: =I103 -> Cá tra thương phẩm | P103: ="83/"&IF(LEN(G103)=1,"0"&G103,G103)&"23/"&IF(LEN(B103)=1,"0"&B103,B103) -> 83/0723/13 | Q103: =L103&" "&M103 -> Châu Thành 83/05 | R103: =C103&" - "&D103&", "&E103 -> Công ty CP Gò Đàng - Ấp Tiên Thạnh, Xã Tiên Long | S103: =IF(OR(I103="Tôm chân trắng nhỏ",I103="Tôm sú nhỏ"),0.5,IF(OR(I103="Cá tra nhỏ",I103="Tôm sú thương phẩm",I103="Tôm chân trắng thương phẩm",I103="Tôm sú quảng canh",I103="Nước ương tôm giống"),1,IF(I103="Cá tra thương phẩm",1.5,0))) -> 1.5 | T103: =IFERROR(VLOOKUP(J103,'List+TK'!$D$3:$E$1000,2,0),"-") -> Ormetoprim | U103: =H103&"/"&IF(LEN(G103)=1,"0"&G103,G103)&"/2023" -> 12/07/2023 | V103: =IFERROR(VLOOKUP(K103,'List+TK'!$G$3:$H$16,2,0),"-") -> Nguyễn Duy Khanh | W103: =IF(N103="","",IF(I103="Nước ương tôm giống","Bể "&N103,"Ao "&N103)) -> Ao C4
A104: =_xlfn.AGGREGATE(3,3,$I$4:I104) -> 101 | B104: 14 | C104: Công ty CP Gò Đàng | D104: Ấp 1 | E104: Xã Sơn Phú | F104: Huyện Giồng Trôm | G104: 7 | H104: 13 | I104: Cá tra thương phẩm | J104: NF | K104: Thuận | L104: =IFERROR(IF(F104="Huyện Mỏ Cày Nam","Mỏ Cày",RIGHT(F104,LEN(F104)-6)),"-") -> Giồng Trôm | M104: =IFERROR(VLOOKUP(L104,'List+TK'!$I$3:$J$9,2,0),"-") -> 83/06 | N104: 6 | O104: =I104 -> Cá tra thương phẩm | P104: ="83/"&IF(LEN(G104)=1,"0"&G104,G104)&"23/"&IF(LEN(B104)=1,"0"&B104,B104) -> 83/0723/14 | Q104: =L104&" "&M104 -> Giồng Trôm 83/06 | R104: =C104&" - "&D104&", "&E104 -> Công ty CP Gò Đàng - Ấp 1, Xã Sơn Phú | S104: =IF(OR(I104="Tôm chân trắng nhỏ",I104="Tôm sú nhỏ"),0.5,IF(OR(I104="Cá tra nhỏ",I104="Tôm sú thương phẩm",I104="Tôm chân trắng thương phẩm",I104="Tôm sú quảng canh",I104="Nước ương tôm giống"),1,IF(I104="Cá tra thương phẩm",1.5,0))) -> 1.5 | T104: =IFERROR(VLOOKUP(J104,'List+TK'!$D$3:$E$1000,2,0),"-") -> Nitrofurans | U104: =H104&"/"&IF(LEN(G104)=1,"0"&G104,G104)&"/2023" -> 13/07/2023 | V104: =IFERROR(VLOOKUP(K104,'List+TK'!$G$3:$H$16,2,0),"-") -> Phạm Minh Thuận | W104: =IF(N104="","",IF(I104="Nước ương tôm giống","Bể "&N104,"Ao "&N104)) -> Ao 6
A105: =_xlfn.AGGREGATE(3,3,$I$4:I105) -> 102 | B105: 15 | C105: Công ty CP Gò Đàng | D105: Ấp 1 | E105: Xã Sơn Phú | F105: Huyện Giồng Trôm | G105: 7 | H105: 13 | I105: Cá tra thương phẩm | J105: NM | K105: Thuận | L105: =IFERROR(IF(F105="Huyện Mỏ Cày Nam","Mỏ Cày",RIGHT(F105,LEN(F105)-6)),"-") -> Giồng Trôm | M105: =IFERROR(VLOOKUP(L105,'List+TK'!$I$3:$J$9,2,0),"-") -> 83/06 | N105: 10 | O105: =I105 -> Cá tra thương phẩm | P105: ="83/"&IF(LEN(G105)=1,"0"&G105,G105)&"23/"&IF(LEN(B105)=1,"0"&B105,B105) -> 83/0723/15 | Q105: =L105&" "&M105 -> Giồng Trôm 83/06 | R105: =C105&" - "&D105&", "&E105 -> Công ty CP Gò Đàng - Ấp 1, Xã Sơn Phú | S105: =IF(OR(I105="Tôm chân trắng nhỏ",I105="Tôm sú nhỏ"),0.5,IF(OR(I105="Cá tra nhỏ",I105="Tôm sú thương phẩm",I105="Tôm chân trắng thương phẩm",I105="Tôm sú quảng canh",I105="Nước ương tôm giống"),1,IF(I105="Cá tra thương phẩm",1.5,0))) -> 1.5 | T105: =IFERROR(VLOOKUP(J105,'List+TK'!$D$3:$E$1000,2,0),"-") -> - | U105: =H105&"/"&IF(LEN(G105)=1,"0"&G105,G105)&"/2023" -> 13/07/2023 | V105: =IFERROR(VLOOKUP(K105,'List+TK'!$G$3:$H$16,2,0),"-") -> Phạm Minh Thuận | W105: =IF(N105="","",IF(I105="Nước ương tôm giống","Bể "&N105,"Ao "&N105)) -> Ao 10
A106: =_xlfn.AGGREGATE(3,3,$I$4:I106) -> 103 | B106: 16 | C106: Công ty CP NTTS Hùng Vương - Miền Tây | D106: Ấp An Hòa | E106: Xã Long Thới | F106: Huyện Chợ Lách | G106: 7 | H106: 13 | I106: Cá tra thương phẩm | J106: QUI | K106: Khanh | L106: =IFERROR(IF(F106="Huyện Mỏ Cày Nam","Mỏ Cày",RIGHT(F106,LEN(F106)-6)),"-") -> Chợ Lách | M106: =IFERROR(VLOOKUP(L106,'List+TK'!$I$3:$J$9,2,0),"-") -> 83/07 | N106: 3 | O106: =I106 -> Cá tra thương phẩm | P106: ="83/"&IF(LEN(G106)=1,"0"&G106,G106)&"23/"&IF(LEN(B106)=1,"0"&B106,B106) -> 83/0723/16 | Q106: =L106&" "&M106 -> Chợ Lách 83/07 | R106: =C106&" - "&D106&", "&E106 -> Công ty CP NTTS Hùng Vương - Miền Tây - Ấp An Hòa, Xã Long Thới | S106: =IF(OR(I106="Tôm chân trắng nhỏ",I106="Tôm sú nhỏ"),0.5,IF(OR(I106="Cá tra nhỏ",I106="Tôm sú thương phẩm",I106="Tôm chân trắng thương phẩm",I106="Tôm sú quảng canh",I106="Nước ương tôm giống"),1,IF(I106="Cá tra thương phẩm",1.5,0))) -> 1.5 | T106: =IFERROR(VLOOKUP(J106,'List+TK'!$D$3:$E$1000,2,0),"-") -> Nhóm Quinolones | U106: =H106&"/"&IF(LEN(G106)=1,"0"&G106,G106)&"/2023" -> 13/07/2023 | V106: =IFERROR(VLOOKUP(K106,'List+TK'!$G$3:$H$16,2,0),"-") -> Nguyễn Duy Khanh | W106: =IF(N106="","",IF(I106="Nước ương tôm giống","Bể "&N106,"Ao "&N106)) -> Ao 3
A107: =_xlfn.AGGREGATE(3,3,$I$4:I107) -> 104 | B107: 17 | C107: Công ty CP NTTS Hùng Vương - Miền Tây | D107: Ấp An Hòa | E107: Xã Long Thới | F107: Huyện Chợ Lách | G107: 7 | H107: 13 | I107: Cá tra thương phẩm | J107: Eryth | K107: Khanh | L107: =IFERROR(IF(F107="Huyện Mỏ Cày Nam","Mỏ Cày",RIGHT(F107,LEN(F107)-6)),"-") -> Chợ Lách | M107: =IFERROR(VLOOKUP(L107,'List+TK'!$I$3:$J$9,2,0),"-") -> 83/07 | N107: 6 | O107: =I107 -> Cá tra thương phẩm | P107: ="83/"&IF(LEN(G107)=1,"0"&G107,G107)&"23/"&IF(LEN(B107)=1,"0"&B107,B107) -> 83/0723/17 | Q107: =L107&" "&M107 -> Chợ Lách 83/07 | R107: =C107&" - "&D107&", "&E107 -> Công ty CP NTTS Hùng Vương - Miền Tây - Ấp An Hòa, Xã Long Thới | S107: =IF(OR(I107="Tôm chân trắng nhỏ",I107="Tôm sú nhỏ"),0.5,IF(OR(I107="Cá tra nhỏ",I107="Tôm sú thương phẩm",I107="Tôm chân trắng thương phẩm",I107="Tôm sú quảng canh",I107="Nước ương tôm giống"),1,IF(I107="Cá tra thương phẩm",1.5,0))) -> 1.5 | T107: =IFERROR(VLOOKUP(J107,'List+TK'!$D$3:$E$1000,2,0),"-") -> Erythromycin | U107: =H107&"/"&IF(LEN(G107)=1,"0"&G107,G107)&"/2023" -> 13/07/2023 | V107: =IFERROR(VLOOKUP(K107,'List+TK'!$G$3:$H$16,2,0),"-") -> Nguyễn Duy Khanh | W107: =IF(N107="","",IF(I107="Nước ương tôm giống","Bể "&N107,"Ao "&N107)) -> Ao 6
A108: =_xlfn.AGGREGATE(3,3,$I$4:I108) -> 105 | B108: 18 | C108: Công ty CP NTTS Hùng Vương - Miền Tây | D108: Ấp An Hòa | E108: Xã Long Thới | F108: Huyện Chợ Lách | G108: 7 | H108: 13 | I108: Cá tra thương phẩm | J108: Azadi | K108: Khanh | L108: =IFERROR(IF(F108="Huyện Mỏ Cày Nam","Mỏ Cày",RIGHT(F108,LEN(F108)-6)),"-") -> Chợ Lách | M108: =IFERROR(VLOOKUP(L108,'List+TK'!$I$3:$J$9,2,0),"-") -> 83/07 | N108: 8 | O108: =I108 -> Cá tra thương phẩm | P108: ="83/"&IF(LEN(G108)=1,"0"&G108,G108)&"23/"&IF(LEN(B108)=1,"0"&B108,B108) -> 83/0723/18 | Q108: =L108&" "&M108 -> Chợ Lách 83/07 | R108: =C108&" - "&D108&", "&E108 -> Công ty CP NTTS Hùng Vương - Miền Tây - Ấp An Hòa, Xã Long Thới | S108: =IF(OR(I108="Tôm chân trắng nhỏ",I108="Tôm sú nhỏ"),0.5,IF(OR(I108="Cá tra nhỏ",I108="Tôm sú thương phẩm",I108="Tôm chân trắng thương phẩm",I108="Tôm sú quảng canh",I108="Nước ương tôm giống"),1,IF(I108="Cá tra thương phẩm",1.5,0))) -> 1.5 | T108: =IFERROR(VLOOKUP(J108,'List+TK'!$D$3:$E$1000,2,0),"-") -> Azadirachtin | U108: =H108&"/"&IF(LEN(G108)=1,"0"&G108,G108)&"/2023" -> 13/07/2023 | V108: =IFERROR(VLOOKUP(K108,'List+TK'!$G$3:$H$16,2,0),"-") -> Nguyễn Duy Khanh | W108: =IF(N108="","",IF(I108="Nước ương tôm giống","Bể "&N108,"Ao "&N108)) -> Ao 8
...

Sheet CS
A2: STT | B2: Tên cơ sở | C2: Người đại diện | D2: Địa chỉ | E2: Điện thoại | G2: Ghi chú
A3: =_xlfn.AGGREGATE(3,3,$B$4:B4) -> 1 | B3: Công ty CP Gò Đàng | D3: Lô 25, KCN Mỹ Tho, xã Trung An, TP. Mỹ Tho,
A4: =_xlfn.AGGREGATE(3,3,$B$4:B5) -> 2 | B4: Công ty TNHH CBTPXK Vạn Đức Tiền Giang | D4: Ấp Đông Hòa, xã Song Thuận, huyện Châu Thành, tỉnh Tiền Giang - Chuyển vùng nuôi ở Bến Tre.
A5: =_xlfn.AGGREGATE(3,3,$B$3:B5) -> 3 | B5: Công ty CP Vĩnh Hoàn | D5: Đường số 30, Phường 11, Tp. Cao Lãnh, tỉnh Đồng Tháp
A6: =_xlfn.AGGREGATE(3,3,$B$3:B6) -> 4 | B6: Công ty CPTS Hải Hương | D6: Lô A8-A9, KCN An Hiệp, huyện Châu Thành, Bến Tre. | E6: 02753626666
A7: =_xlfn.AGGREGATE(3,3,$B$3:B7) -> 5 | B7: Công ty CP XNK Thủy sản Bến Tre (DL 22) | D7: Ấp 9, xã Tân Thạch, huyện Châu Thành, tỉnh Bến Tre.
A8: =_xlfn.AGGREGATE(3,3,$B$3:B8) -> 6 | B8: Công ty CPTS Ngọc Xuân | D8: Ấp Đông Hòa, xã Song Thuận, huyện Châu Thành, tỉnh Tiền Giang | E8: 0909323999 Chị Thu
A9: =_xlfn.AGGREGATE(3,3,$B$3:B9) -> 7 | B9: Trại nuôi cá tra Thành Hưng | D9: Khu nuôi cá tra thương phẩm - Ấp Phú Tân, xã Phú Túc, huyện Châu Thành, tỉnh Bến Tre. | E9: 02753600609
A10: =_xlfn.AGGREGATE(3,3,$B$3:B10) -> 8 | B10: Lê Hoàng Đạt | D10: 49 Công Lý, Khu phố 2, Thị trấn Mỏ Cày Nam, huyện Mỏ Cày Nam, tỉnh Bến Tre. | E10: 0918262660
A11: =_xlfn.AGGREGATE(3,3,$B$3:B11) -> 9 | B11: Khu nuôi cá tra - Công ty CP thủy hải sản An Phú | D11: Ấp Phú Bình, Vĩnh Bình, Chợ Lách, Bến Tre
A12: =_xlfn.AGGREGATE(3,3,$B$3:B12) -> 10 | B12: Công ty CP Thủy sản Vinh Quang | D12: Lô 37 - 40 KCN Mỹ Tho - Tiền Giang
A13: =_xlfn.AGGREGATE(3,3,$B$3:B13) -> 11 | B13: Công ty CP Hùng Vương | D13: Lô 44, Khu công nghiệp Mỹ Tho, TP. Mỹ Tho, tỉnh Tiền Giang
A14: =_xlfn.AGGREGATE(3,3,$B$3:B14) -> 12 | B14: Công ty CP NTTS Hùng Vương - Miền Tây | D14: Lô 46, Khu công nghiệp Mỹ Tho, tỉnh Tiền Giang
A15: =_xlfn.AGGREGATE(3,3,$B$3:B15) -> 13 | B15: Không có mẫu
A16: =_xlfn.AGGREGATE(3,3,$B$3:B16) -> 14 | B16: Nguyễn Văn Út | D16: Ấp 7, thị trấn Tiệm Tôm, huyện Ba Tri, tỉnh Bến Tre
A17: =_xlfn.AGGREGATE(3,3,$B$3:B17) -> 15 | B17: Cao Thị Ngọc Điệp | D17: Ấp 3, xã Phú Vang, huyện Bình Đại, tỉnh Bến Tre
A18: =_xlfn.AGGREGATE(3,3,$B$3:B18) -> 16 | B18: Cao Văn Dước | D18: Ấp 3, xã Phú Vang, huyện Bình Đại, tỉnh Bến Tre
A19: =_xlfn.AGGREGATE(3,3,$B$3:B19) -> 17 | B19: Cao Văn Tùng | D19: Ấp An Hòa, xã An Nhơn, huyện Thạnh Phú, tỉnh Bến Tre
A20: =_xlfn.AGGREGATE(3,3,$B$3:B20) -> 18 | B20: Trần Văn Dũng | D20: Ấp 7, xã An Thủy, huyện Ba Tri, tỉnh Bến Tre
A21: =_xlfn.AGGREGATE(3,3,$B$3:B21) -> 19 | B21: Lê Quốc Cường | D21: Ấp Tân An, xã Thạnh Phước, huyện Bình Đại, tỉnh Bến Tre
A22: =_xlfn.AGGREGATE(3,3,$B$3:B22) -> 20 | B22: Lê Minh Khách | D22: Ấp Phước Hòa, xã Thạnh Phước, huyện Bình Đại, tỉnh Bến Tre
A23: =_xlfn.AGGREGATE(3,3,$B$3:B23) -> 21 | B23: Phạm Văn Công | D23: Ấp 1, xã Giao Thạnh, huyện Thạnh Phú, tỉnh Bến Tre
A24: =_xlfn.AGGREGATE(3,3,$B$3:B24) -> 22 | B24: Nguyễn Văn Bé Hai | D24: Ấp 8, xã An Thủy, huyện Ba Tri, tỉnh Bến Tre
A25: =_xlfn.AGGREGATE(3,3,$B$3:B25) -> 23 | B25: Cao Thanh Phong | D25: Ấp 3, xã Phú Vang, huyện Bình Đại, tỉnh Bến Tre
A26: =_xlfn.AGGREGATE(3,3,$B$3:B26) -> 24 | B26: Phạm Văn Triều | D26: Ấp 4, xã Thạnh Phong, huyện Thạnh Phú, tỉnh Bến Tre
A27: =_xlfn.AGGREGATE(3,3,$B$3:B27) -> 25 | B27: Huỳnh Văn Hai | D27: Ấp 8, xã An Thủy, huyện Ba Tri, tỉnh Bến Tre
... A70: =_xlfn.AGGREGATE(3,3,$B$3:B70) -> 68 | B70: Phạm Văn Tư | D70: Ấp 8, thị trấn Tiệm Tôm, huyện Ba Tri, tỉnh Bến Tre
A71: =_xlfn.AGGREGATE(3,3,$B$3:B71) -> 69 | B71: .
A72: =_xlfn.AGGREGATE(3,3,$B$3:B72) -> 70 | B72: .
A73: =_xlfn.AGGREGATE(3,3,$B$3:B73) -> 71 | B73: .
A74: =_xlfn.AGGREGATE(3,3,$B$3:B74) -> 72 | B74: .
A75: =_xlfn.AGGREGATE(3,3,$B$3:B75) -> 73 | B75: .
A76: =_xlfn.AGGREGATE(3,3,$B$3:B76) -> 74 | B76: .
A77: =_xlfn.AGGREGATE(3,3,$B$3:B77) -> 75 | B77: .
A78: =_xlfn.AGGREGATE(3,3,$B$3:B78) -> 76 | B78: .
A79: =_xlfn.AGGREGATE(3,3,$B$3:B79) -> 77 | B79: .
A80: =_xlfn.AGGREGATE(3,3,$B$3:B80) -> 78 | B80: .
A81: =_xlfn.AGGREGATE(3,3,$B$3:B81) -> 79 | B81: .
A82: =_xlfn.AGGREGATE(3,3,$B$3:B82) -> 80 | B82: .
... A101: =_xlfn.AGGREGATE(3,3,$B$3:B101) -> 99 | B101: .

Sheet List+TK
F1: =SUM(F3:F58) -> 152
C2: Tên mẫu | D2: Chỉ tiêu | E2: Chỉ tiêu | G2: Người lấy | I2: Tên vùng | J2: Mã số | K2: Ghi chú
A3: 1 | C3: Cá tra nhỏ | D3: Toltrazuril | E3: Toltrazuril | F3: =COUNTIF(Thuysan!T:T,E3) -> 0 | G3: An | H3: Phạm Châu An | I3: Ba Tri | J3: 83/01 | K3: Không có mẫu | Y3: Huyện Ba Tri | Z3: 1 | AA3: Huyện Ba Tri | AB3: Thị trấn Ba Tri
A4: 2 | C4: Cá tra thương phẩm | D4: A1c | E4: Methyltestosterone | F4: =COUNTIF(Thuysan!T:T,E4) -> 5 | G4: Nguyên | H4: Cao Quang Nguyên | I4: Bình Đại | J4: 83/02 | Y4: Huyện Bình Đại | Z4: 2 | AA4: Huyện Ba Tri | AB4: Xã An Bình Tây
A5: 3 | C5: Tôm chân trắng nhỏ | D5: CAP | E5: Chloramphenicol | F5: =COUNTIF(Thuysan!T:T,E5) -> 12 | G5: Thuận | H5: Phạm Minh Thuận | I5: Thạnh phú | J5: 83/03 | Y5: Huyện Châu Thành | Z5: 3 | AA5: Huyện Ba Tri | AB5: Xã An Đức
A6: 4 | C6: Tôm chân trắng thương phẩm | D6: NF | E6: Nitrofurans | F6: =COUNTIF(Thuysan!T:T,E6) -> 12 | G6: Lâm | H6: Phạm Văn Lâm | I6: Mỏ Cày | J6: 83/04 | Y6: Huyện Chợ Lách | Z6: 4 | AA6: Huyện Ba Tri | AB6: Xã An Hiệp
A7: 5 | C7: Tôm sú nhỏ | D7: Nitroi | E7: Nhóm Nitroimidazoles | F7: =COUNTIF(Thuysan!T:T,E7) -> 6 | G7: Khanh | H7: Nguyễn Duy Khanh | I7: Châu Thành | J7: 83/05 | Y7: Huyện Giồng Trôm | Z7: 5 | AA7: Huyện Ba Tri | AB7: Xã An Hòa Tây
A8: 6 | C8: Tôm sú thương phẩm | D8: TC | E8: Nhóm Tetracyclines | F8: =COUNTIF(Thuysan!T:T,E8) -> 8 | G8: Dũng | H8: Nguyễn Văn Dũng | I8: Giồng Trôm | J8: 83/06 | Y8: Huyện Mỏ Cày Bắc | Z8: 6 | AA8: Huyện Ba Tri | AB8: Xã An Ngãi Tây
A9: 7 | C9: Tôm sú quảng canh | D9: SUL | E9: Nhóm Sulfonamides | F9: =COUNTIF(Thuysan!T:T,E9) -> 6 | G9: Tú | H9: Đặng Thanh Tú | I9: Chợ Lách | J9: 83/07 | Y9: Huyện Mỏ Cày Nam | Z9: 7 | AA9: Huyện Ba Tri | AB9: Xã An Ngãi Trung
A10: 8 | C10: Nước ương tôm giống | D10: QUI | E10: Nhóm Quinolones | F10: =COUNTIF(Thuysan!T:T,E10) -> 12 | G10: . | Y10: Huyện Thạnh Phú | Z10: 8 | AA10: Huyện Ba Tri | AB10: Xã An Phú Trung
A11: 9 | C11: Cá chẽm nhỏ | D11: Flor | E11: Florfenicol | F11: =COUNTIF(Thuysan!T:T,E11) -> 5 | G11: .. | Y11: Thành phố Bến Tre | Z11: 9 | AA11: Huyện Ba Tri | AB11: Xã An Thủy
A12: 10 | C12: Cá chẽm thương phẩm | D12: Trim | E12: Trimethoprim | F12: =COUNTIF(Thuysan!T:T,E12) -> 6 | G12: … | Z12: 10 | AA12: Huyện Ba Tri | AB12: Xã Bảo Thạnh
A13: 11 | C13: … | D13: Orme | E13: Ormetoprim | F13: =COUNTIF(Thuysan!T:T,E13) -> 7 | G13: …. | Z13: 11 | AA13: Huyện Ba Tri | AB13: Xã Bảo Thuận
A14: 12 | C14: …. | D14: Fosfo | E14: Fosfomycin | F14: =COUNTIF(Thuysan!T:T,E14) -> 5 | Z14: 12 | AA14: Huyện Ba Tri | AB14: Xã Mỹ Chánh
A15: 13 | C15: ….. | D15: Eryth | E15: Erythromycin | F15: =COUNTIF(Thuysan!T:T,E15) -> 3 | Z15: 13 | AA15: Huyện Ba Tri | AB15: Xã Mỹ Hòa
A16: 14 | D16: Azadi | E16: Azadirachtin | F16: =COUNTIF(Thuysan!T:T,E16) -> 4 | Z16: 14 | AA16: Huyện Ba Tri | AB16: Xã Mỹ Nhơn
A17: 15 | D17: Amox | E17: Amoxicillin | F17: =COUNTIF(Thuysan!T:T,E17) -> 3 | Z17: 15 | AA17: Huyện Ba Tri | AB17: Xã Mỹ Thạnh
A18: 16 | D18: Iver | E18: Ivermectin | F18: =COUNTIF(Thuysan!T:T,E18) -> 2 | Z18: 16 | AA18: Huyện Ba Tri | AB18: Xã Phú Lễ
A19: 17 | D19: Trif | E19: Trifluralin | F19: =COUNTIF(Thuysan!T:T,E19) -> 4 | Z19: 17 | AA19: Huyện Ba Tri | AB19: Xã Phú Ngãi
A20: 18 | D20: Levami | E20: Levamisol | F20: =COUNTIF(Thuysan!T:T,E20) -> 2 | Z20: 18 | AA20: Huyện Ba Tri | AB20: Xã Phước Tuy
A21: 19 | D21: Fenben | E21: Fenbendazole | F21: =COUNTIF(Thuysan!T:T,E21) -> 2 | Z21: 19 | AA21: Huyện Ba Tri | AB21: Xã Tân Hưng
A22: 20 | D22: Thuốc BVTV | E22: Thuốc trừ sâu gốc Chlor hữu cơ; phospho hữu cơ; cúc tổng hợp… | F22: =COUNTIF(Thuysan!T:T,E22) -> 5 | Z22: 20 | AA22: Huyện Ba Tri | AB22: Xã Tân Mỹ
A23: 21 | D23: Fipronil | E23: Fipronil | F23: =COUNTIF(Thuysan!T:T,E23) -> 0 | Z23: 21 | AA23: Huyện Ba Tri | AB23: Xã Tân Thủy
A24: 22 | D24: KLN | E24: Pb, Hg, Cd | F24: =COUNTIF(Thuysan!T:T,E24) -> 9 | Z24: 22 | AA24: Huyện Ba Tri | AB24: Xã Tân Xuân
A25: 23 | D25: CV+LCV | E25: Crystal Violet, Leuco Crystal Violet | F25: =COUNTIF(Thuysan!T:T,E25) -> 2 | Z25: 23 | AA25: Huyện Ba Tri | AB25: Xã Vĩnh An
A26: 24 | D26: MG+LMG | E26: Malachite Green, Leuco Malachite Green | F26: =COUNTIF(Thuysan!T:T,E26) -> 3 | Z26: 24 | AA26: Huyện Ba Tri | AB26: Xã Vĩnh Hòa
A27: 25 | D27: Aver | E27: Avermectin B1a (Abarmectin B1a) | F27: =COUNTIF(Thuysan!T:T,E27) -> 1 | Z27: 1 | AA27: Huyện Bình Đại | AB27: Thị trấn Bình Đại
... A43: 41 | D43: Levami+Fenben | E43: Levamisol, Fenbendazole | F43: =COUNTIF(Thuysan!T:T,E43) -> 0 | Z43: 17 | AA43: Huyện Bình Đại | AB43: Xã Thới Thuận
A44: 42 | D44: ….. | F44: =COUNTIF(Thuysan!T:T,E44) -> 0 | Z44: 18 | AA44: Huyện Bình Đại | AB44: Xã Thừa Đức
A45: 43 | D45: B2a+B3e cá | E45: Ivermectin, Praziquantel, Trichlorfon, Avermectin B1a, Malachite Green, Leuco Malachite Green, Crystal Violet, Leuco Crystal Violet | Z45: 19 | AA45: Huyện Bình Đại | AB45: Xã Vang Quới Đông
A46: 44 | D46: NF sú QC | E46: AOZ | Z46: 20 | AA46: Huyện Bình Đại | AB46: Xã Vang Quới Tây
A47: 45 | D47: Trif+B3c | E47: Trifluralin, Pb, Hg, Cd | Z47: 1 | AA47: Huyện Châu Thành | AB47: Thị trấn Châu Thành
A48: 46 | D48: QUI+B3c | E48: Nhóm Quinolones, Pb, Hg, Cd | Z48: 2 | AA48: Huyện Châu Thành | AB48: Xã An Hiệp
A49: 47 | D49: Orme+B3c | E49: Ormetoprim, Pb, Hg, Cd | Z49: 3 | AA49: Huyện Châu Thành | AB49: Xã An Hóa
A50: 48 | D50: B3b+Fipronil+B3c | E50: Chlorpyrifos, Fipronil, Pb, Hg, Cd | Z50: 4 | AA50: Huyện Châu Thành | AB50: Xã An Khánh
A51: 49 | D51: B3e cá+B3c | E51: Malachite Green, Leuco Malachite Green, Crystal Violet, Leuco Crystal Violet, Pb, Hg, Cd | Z51: 5 | AA51: Huyện Châu Thành | AB51: Xã An Phước
A52: 50 | D52: B2a+B3c | E52: Ivermectin, Praziquantel, Trichlorfon, Avermectin B1a, Pb, Hg, Cd | Z52: 6 | AA52: Huyện Châu Thành | AB52: Xã Giao Hòa
A53: 51 | D53: Fosfo+B3c | E53: Fosfomycin, Pb, Hg, Cd | Z53: 7 | AA53: Huyện Châu Thành | AB53: Xã Giao Long
A54: 52 | D54: Eryth+B3c | E54: Erythromycin, Pb, Hg, Cd | Z54: 8 | AA54: Huyện Châu Thành | AB54: Xã Hữu Định
A55: 53 | D55: NF+B3c | E55: Nitrofurans, Pb, Hg, Cd | Z55: 9 | AA55: Huyện Châu Thành | AB55: Xã Phú An Hòa
A56: 54 | D56: NM+B3c | E56: Nhóm Nitroimidazoles, Pb, Hg, Cd | Z56: 10 | AA56: Huyện Châu Thành | AB56: Xã Phú Đức
... A64: 62 | D64: Amox+B3c | E64: Amoxicillin , Pb, Hg, Cd | Z64: 18 | AA64: Huyện Châu Thành | AB64: Xã Tân Thạch
A65: 63 | Z65: 19 | AA65: Huyện Châu Thành | AB65: Xã Thành Triệu
A66: 64 | Z66: 20 | AA66: Huyện Châu Thành | AB66: Xã Tiên Long
A67: 65 | Z67: 21 | AA67: Huyện Châu Thành | AB67: Xã Tiên Thủy
A68: 66 | Z68: 22 | AA68: Huyện Châu Thành | AB68: Xã Tường Đa
A69: 67 | Z69: 1 | AA69: Huyện Chợ Lách | AB69: Thị trấn Chợ Lách
A70: 68 | Z70: 2 | AA70: Huyện Chợ Lách | AB70: Xã Hòa Nghĩa
A71: 69 | Z71: 3 | AA71: Huyện Chợ Lách | AB71: Xã Hưng Khánh Trung B
A72: 70 | Z72: 4 | AA72: Huyện Chợ Lách | AB72: Xã Long Thới
A73: 71 | Z73: 5 | AA73: Huyện Chợ Lách | AB73: Xã Phú Phụng
A74: 72 | Z74: 6 | AA74: Huyện Chợ Lách | AB74: Xã Phú Sơn
A75: 73 | Z75: 7 | AA75: Huyện Chợ Lách | AB75: Xã Sơn Định
A76: 74 | Z76: 8 | AA76: Huyện Chợ Lách | AB76: Xã Tân Thiềng
... A166: 164 | Z166: 17 | AA166: Thành phố Bến Tre | AB166: Xã Sơn Đông

Sheet T12.QD 
A1: PHỤ LỤC
A2: LẤY MẪU GIÁM SÁT DƯ LƯỢNG TỈNH BẾN TRE THÁNG 12/2022
A3: (Kèm theo Quyết định số …… /QĐ-QLCL ngày …… tháng …… năm 2022 của Chi cục Quản lý chất lượng Nông lâm sản và Thủy sản)
A5: TT | B5: Tên mẫu | C5: Mã số mẫu | D5: Mã số vùng nuôi | E5: Địa điểm lấy mẫu | F5: Khối lượng mẫu (kg) | G5: Chỉ tiêu phân tích | H5: Thời gian lấy mẫu | I5: Người lấy mẫu | J5: Ghi chú
A6: =_xlfn.AGGREGATE(3,3,$C$6:C6) -> 1 | B6: =Thuysan!O197 -> Tôm chân trắng thương phẩm | C6: =Thuysan!P197 -> 83/1222/01 | D6: =Thuysan!Q197 -> Ba Tri 83/01 | E6: =Thuysan!R197 -> Phạm Văn Ba - Ấp 7, Xã An Thủy | F6: =Thuysan!S197 -> 1 | G6: =Thuysan!T197 -> Chloramphenicol, Nhóm Quinolones | H6: =Thuysan!U197 -> 13/12/2022 | I6: =Thuysan!V197 -> Phạm Minh Thuận | J6: =Thuysan!W197 -> Ao 1
A7: =_xlfn.AGGREGATE(3,3,$C$6:C7) -> 2 | B7: =Thuysan!O198 -> Tôm chân trắng thương phẩm | C7: =Thuysan!P198 -> 83/1222/02 | E7: =Thuysan!R198 -> Phạm Văn Ba - Ấp 7, Xã An Thủy | F7: =Thuysan!S198 -> 1 | G7: =Thuysan!T198 -> Thuốc trừ sâu gốc Chlor hữu cơ, Pb, Hg, Cd | J7: =Thuysan!W198 -> Ao 2
A8: =_xlfn.AGGREGATE(3,3,$C$6:C8) -> 3 | B8: =Thuysan!O199 -> Tôm chân trắng thương phẩm | C8: =Thuysan!P199 -> 83/1222/03 | D8: =Thuysan!Q199 -> Bình Đại 83/02 | E8: =Thuysan!R199 -> Võ Huỳnh Tiến Nghĩa - Ấp 4, Xã Bình Thới | F8: =Thuysan!S199 -> 1 | G8: =Thuysan!T199 -> Chloramphenicol, Nhóm Quinolones | H8: =Thuysan!U199 -> 13/12/2022 | I8: =Thuysan!V199 -> Cao Quang Nguyên | J8: =Thuysan!W199 -> Ao 1
A9: =_xlfn.AGGREGATE(3,3,$C$6:C9) -> 4 | B9: =Thuysan!O200 -> Tôm chân trắng thương phẩm | C9: =Thuysan!P200 -> 83/1222/04 | E9: =Thuysan!R200 -> Võ Huỳnh Tiến Nghĩa - Ấp 4, Xã Bình Thới | F9: =Thuysan!S200 -> 1 | G9: =Thuysan!T200 -> Thuốc trừ sâu gốc Chlor hữu cơ, Pb, Hg, Cd | J9: =Thuysan!W200 -> Ao 2
A10: =_xlfn.AGGREGATE(3,3,$C$6:C10) -> 5 | B10: =Thuysan!O201 -> Tôm chân trắng thương phẩm | C10: =Thuysan!P201 -> 83/1222/05 | D10: =Thuysan!Q201 -> Thạnh Phú 83/03 | E10: =Thuysan!R201 -> Trần Văn Tần - Ấp Thạnh Thới B, Xã Thạnh Hải | F10: =Thuysan!S201 -> 1 | G10: =Thuysan!T201 -> Chloramphenicol, Nhóm Quinolones | H10: =Thuysan!U201 -> 14/12/2022 | J10: =Thuysan!W201 -> Ao 1
A11: =_xlfn.AGGREGATE(3,3,$C$6:C11) -> 6 | B11: =Thuysan!O202 -> Tôm chân trắng thương phẩm | C11: =Thuysan!P202 -> 83/1222/06 | E11: =Thuysan!R202 -> Trần Văn Tần - Ấp Thạnh Thới B, Xã Thạnh Hải | F11: =Thuysan!S202 -> 1 | G11: =Thuysan!T202 -> Thuốc trừ sâu gốc Chlor hữu cơ, Pb, Hg, Cd | J11: =Thuysan!W202 -> Ao 2
A12: =_xlfn.AGGREGATE(3,3,$C$6:C12) -> 7 | B12: =Thuysan!O203 -> Cá tra thương phẩm | C12: =Thuysan!P203 -> 83/1222/07 | D12: =Thuysan!Q203 -> Châu Thành 83/05 | E12: =Thuysan!R203 -> Công ty CP Gò Đàng - ấp Tân Tây, Xã Tân Phú | F12: =Thuysan!S203 -> 1.5 | G12: =Thuysan!T203 -> Chloramphenicol, Nhóm Quinolones | H12: =Thuysan!U203 -> 13/12/2022 | I12: =Thuysan!V203 -> Phạm Châu An | J12: =Thuysan!W203 -> Ao 4
A13: =_xlfn.AGGREGATE(3,3,$C$6:C13) -> 8 | B13: =Thuysan!O204 -> Cá tra thương phẩm | C13: =Thuysan!P204 -> 83/1222/08 | E13: =Thuysan!R204 -> Công ty CP Gò Đàng - ấp Tân Tây, Xã Tân Phú | F13: =Thuysan!S204 -> 1.5 | G13: =Thuysan!T204 -> Ivermectin, Praziquantel, Trichlorfon, Avermectin B1a, Malachite Green, Leuco Malachite Green, Crystal Violet, Leuco Crystal Violet | J13: =Thuysan!W204 -> Ao 5
A14: =_xlfn.AGGREGATE(3,3,$C$6:C14) -> 9 | B14: =Thuysan!O205 -> Cá tra thương phẩm | C14: =Thuysan!P205 -> 83/1222/09 | D14: =Thuysan!Q205 -> Giồng Trôm 83/06 | E14: =Thuysan!R205 -> Công ty CP Gò Đàng - Ấp 8, Xã Phước Long | F14: =Thuysan!S205 -> 1.5 | G14: =Thuysan!T205 -> Chloramphenicol, Nhóm Quinolones | H14: =Thuysan!U205 -> 14/12/2022 | I14: =Thuysan!V205 -> Phạm Minh Thuận | J14: =Thuysan!W205 -> Ao 1
A15: =_xlfn.AGGREGATE(3,3,$C$6:C15) -> 10 | B15: =Thuysan!O206 -> Cá tra thương phẩm | C15: =Thuysan!P206 -> 83/1222/10 | E15: =Thuysan!R206 -> Công ty CP Gò Đàng - Ấp 8, Xã Phước Long | F15: =Thuysan!S206 -> 1.5 | G15: =Thuysan!T206 -> - | J15: =Thuysan!W206 -> Ao 2
A16: =_xlfn.AGGREGATE(3,3,$C$6:C16) -> 11 | B16: =Thuysan!O207 -> Cá tra thương phẩm | C16: =Thuysan!P207 -> 83/1222/11 | E16: =Thuysan!R207 -> Công ty CP Gò Đàng - Ấp 8, Xã Phước Long | F16: =Thuysan!S207 -> 1.5 | G16: =Thuysan!T207 -> - | J16: =Thuysan!W207 -> Ao 5
A17: =_xlfn.AGGREGATE(3,3,$C$6:C17) -> 12 | B17: =Thuysan!O208 -> Cá tra thương phẩm | C17: =Thuysan!P208 -> 83/1222/12 | D17: =Thuysan!Q208 -> Chợ Lách 83/07 | E17: =Thuysan!R208 -> Công ty TNHH CBTPXK Vạn Đức Tiền Giang - ấp Phú Bình, Xã Vĩnh Bình | F17: =Thuysan!S208 -> 1.5 | G17: =Thuysan!T208 -> - | H17: =Thuysan!U208 -> 14/12/2022 | I17: =Thuysan!V208 -> Phạm Châu An | J17: =Thuysan!W208 -> Ao 20
A18: =_xlfn.AGGREGATE(3,3,$C$6:C18) -> 13 | B18: =Thuysan!O209 -> Cá tra thương phẩm | C18: =Thuysan!P209 -> 83/1222/13 | E18: =Thuysan!R209 -> Công ty TNHH CBTPXK Vạn Đức Tiền Giang - ấp Bình An, Xã Hòa Nghĩa | F18: =Thuysan!S209 -> 1.5 | G18: =Thuysan!T209 -> Nhóm Quinolones, Ivermectin, Praziquantel, Trichlorfon, Avermectin B1a | J18: =Thuysan!W209 -> Ao 13
A19: =_xlfn.AGGREGATE(3,3,$C$6:C19) -> 14 | B19: =Thuysan!O210 -> Cá tra thương phẩm | C19: =Thuysan!P210 -> 83/1222/14 | E19: =Thuysan!R210 -> Công ty TNHH CBTPXK Vạn Đức Tiền Giang - ấp Phú Bình, Xã Vĩnh Bình | F19: =Thuysan!S210 -> 1.5 | G19: =Thuysan!T210 -> - | J19: =Thuysan!W210 -> Ao 17
A20: =_xlfn.AGGREGATE(3,3,$C$6:C20) -> 15 | B20: =Thuysan!O211 -> Cá tra thương phẩm | C20: =Thuysan!P211 -> 83/1222/15 | E20: =Thuysan!R211 -> Công ty TNHH CBTPXK Vạn Đức Tiền Giang - ấp Bình An, Xã Hòa Nghĩa | F20: =Thuysan!S211 -> 1.5 | G20: =Thuysan!T211 -> - | J20: =Thuysan!W211 -> Ao 5
A21: =_xlfn.AGGREGATE(3,3,$C$6:C21) -> 16 | B21: =Thuysan!O212 -> Cá tra thương phẩm | C21: =Thuysan!P212 -> 83/1222/16 | E21: =Thuysan!R212 -> Công ty TNHH CBTPXK Vạn Đức Tiền Giang - ấp Phú Bình, Xã Vĩnh Bình | F21: =Thuysan!S212 -> 1.5 | G21: =Thuysan!T212 -> - | J21: =Thuysan!W212 -> Ao 21
A22: =_xlfn.AGGREGATE(3,3,$C$6:C22) -> 17 | B22: =Thuysan!O213 -> Cá tra thương phẩm | C22: =Thuysan!P213 -> 83/0922/04 | D22: =Thuysan!Q213 -> Ba Tri 83/01 | E22: =Thuysan!R213 -> Công ty CP Gò Đàng - ấp 4, Xã Tân Xuân | F22: =Thuysan!S213 -> 1.5 | G22: =Thuysan!T213 -> - | H22: =Thuysan!U213 -> 44908 | I22: =Thuysan!V213 -> Phạm Minh Thuận | J22: mẫu bù tháng 9
A23: =_xlfn.AGGREGATE(3,3,$C$6:C23) -> 18 | B23: =Thuysan!O214 -> Cá tra thương phẩm | C23: =Thuysan!P214 -> 83/0922/10 | D23: =Thuysan!Q214 -> Bình Đại 83/02 | E23: =Thuysan!R214 -> Công ty CP Gò Đàng - Khu A Lộc Thuận, ấp Lộc Sơn, Xã Lộc Thuận | F23: =Thuysan!S214 -> 1.5 | G23: =Thuysan!T214 -> Chloramphenicol | H23: =Thuysan!U214 -> 44908 | I23: =Thuysan!V214 -> Cao Quang Nguyên
A24: =_xlfn.AGGREGATE(3,3,$C$6:C24) -> 19 | B24: =Thuysan!O215 -> Cá tra thương phẩm | C24: =Thuysan!P215 -> 83/0922/11 | F24: =Thuysan!S215 -> 1.5 | G24: =Thuysan!T215 -> -
A25: =_xlfn.AGGREGATE(3,3,$C$6:C25) -> 20 | B25: =Thuysan!O216 -> Cá tra thương phẩm | C25: =Thuysan!P216 -> 83/0922/12 | F25: =Thuysan!S216 -> 1.5 | G25: =Thuysan!T216 -> Fenbendazole

Sheet T11.QD
A1: PHỤ LỤC
A2: LẤY MẪU GIÁM SÁT DƯ LƯỢNG TỈNH BẾN TRE THÁNG 11/2023
A3: (Kèm theo Quyết định số …… /QĐ-QLCL ngày …… tháng …… năm 2023 của Chi cục Quản lý chất lượng Nông lâm sản và Thủy sản)
A5: TT | B5: Tên mẫu | C5: Mã số mẫu | D5: Mã số vùng nuôi | E5: Địa điểm lấy mẫu | F5: Khối lượng mẫu (kg) | G5: Chỉ tiêu phân tích | H5: Thời gian lấy mẫu | I5: Người lấy mẫu | J5: Ghi chú
A6: =_xlfn.AGGREGATE(3,3,$C$6:C6) -> 1 | B6: =Thuysan!O165 -> Cá tra thương phẩm | C6: =Thuysan!P165 -> 83/1123/01 | D6: =Thuysan!Q165 -> Bình Đại 83/02 | E6: =Thuysan!R165 -> Công ty CP Gò Đàng - Khu A Lộc Thuận, ấp Lộc Sơn, Xã Lộc Thuận | F6: =Thuysan!S165 -> 1.5 | G6: =Thuysan!T165 -> Erythromycin, Pb, Hg, Cd | H6: =Thuysan!U165 -> 28/11/2023 | I6: =Thuysan!V165 -> Cao Quang Nguyên | J6: =Thuysan!W165 -> Ao 4
A7: =_xlfn.AGGREGATE(3,3,$C$6:C7) -> 2 | B7: =Thuysan!O166 -> Cá tra thương phẩm | C7: =Thuysan!P166 -> 83/1123/02 | F7: =Thuysan!S166 -> 1.5 | G7: =Thuysan!T166 -> Chlorpyrifos, Fipronil, Pb, Hg, Cd | J7: =Thuysan!W166 -> Ao 11
A8: =_xlfn.AGGREGATE(3,3,$C$6:C8) -> 3 | B8: =Thuysan!O167 -> Cá tra thương phẩm | C8: =Thuysan!P167 -> 83/1123/03 | D8: =Thuysan!Q167 -> Châu Thành 83/05 | E8: =Thuysan!R167 -> Công ty CP Hùng Vương - Ấp Phú Tân, Xã Phú Túc | F8: =Thuysan!S167 -> 1.5 | G8: =Thuysan!T167 -> Erythromycin, Pb, Hg, Cd | H8: =Thuysan!U167 -> 28/11/2023 | I8: =Thuysan!V167 -> Phạm Văn Lâm | J8: =Thuysan!W167 -> Ao 10
A9: =_xlfn.AGGREGATE(3,3,$C$6:C9) -> 4 | B9: =Thuysan!O168 -> Cá tra thương phẩm | C9: =Thuysan!P168 -> 83/1123/04 | D9: =Thuysan!Q168 -> Giồng Trôm 83/06 | E9: =Thuysan!R168 -> Công ty CP XNK Thủy sản Bến Tre (DL 22) - Trại nuôi cá tra Cồn Bần-Ấp Phước Long, Xã Sơn Phú | F9: =Thuysan!S168 -> 1.5 | G9: =Thuysan!T168 -> Azadirachtin, Pb, Hg, Cd | H9: =Thuysan!U168 -> 28/11/2023 | I9: =Thuysan!V168 -> Phạm Minh Thuận | J9: =Thuysan!W168 -> Ao C1
A10: =_xlfn.AGGREGATE(3,3,$C$6:C10) -> 5 | B10: =Thuysan!O169 -> Cá tra thương phẩm | C10: =Thuysan!P169 -> 83/1123/05 | F10: =Thuysan!S169 -> 1.5 | G10: =Thuysan!T169 -> Amoxicillin , Pb, Hg, Cd | J10: =Thuysan!W169 -> Ao C3
A11: =_xlfn.AGGREGATE(3,3,$C$6:C11) -> 6 | B11: =Thuysan!O170 -> Cá tra thương phẩm | C11: =Thuysan!P170 -> 83/1123/06 | D11: =Thuysan!Q170 -> Chợ Lách 83/07 | E11: =Thuysan!R170 -> Công ty TNHH CBTPXK Vạn Đức Tiền Giang - Ấp Phú Bình, Xã Vĩnh Bình | F11: =Thuysan!S170 -> 1.5 | G11: =Thuysan!T170 -> Nhóm Nitroimidazoles, Pb, Hg, Cd | H11: =Thuysan!U170 -> 29/11/2023 | I11: =Thuysan!V170 -> Phạm Văn Lâm | J11: =Thuysan!W170 -> Ao 3
A12: =_xlfn.AGGREGATE(3,3,$C$6:C12) -> 7 | B12: =Thuysan!O171 -> Cá tra thương phẩm | C12: =Thuysan!P171 -> 83/1123/07 | F12: =Thuysan!S171 -> 1.5 | G12: =Thuysan!T171 -> Nhóm Quinolones, Pb, Hg, Cd | J12: =Thuysan!W171 -> Ao 11
A13: =_xlfn.AGGREGATE(3,3,$C$6:C13) -> 8 | B13: =Thuysan!O172 -> Cá tra thương phẩm | C13: =Thuysan!P172 -> 83/1123/08 | F13: =Thuysan!S172 -> 1.5 | G13: =Thuysan!T172 -> Chlorpyrifos, Fipronil, Pb, Hg, Cd | J13: =Thuysan!W172 -> Ao 18

Sheet T10.QD 
A1: PHỤ LỤC
A2: LẤY MẪU GIÁM SÁT DƯ LƯỢNG TỈNH BẾN TRE THÁNG 10/2023
A3: (Kèm theo Quyết định số …… /QĐ-QLCL ngày …… tháng …… năm 2023 của Chi cục Quản lý chất lượng Nông lâm sản và Thủy sản)
A5: TT | B5: Tên mẫu | C5: Mã số mẫu | D5: Mã số vùng nuôi | E5: Địa điểm lấy mẫu | F5: Khối lượng mẫu (kg) | G5: Chỉ tiêu phân tích | H5: Thời gian lấy mẫu | I5: Người lấy mẫu | J5: Ghi chú
A6: =_xlfn.AGGREGATE(3,3,$C$6:C6) -> 1 | B6: =Thuysan!O150 -> Tôm chân trắng thương phẩm | C6: =Thuysan!P150 -> 83/1023/01 | D6: =Thuysan!Q150 -> Ba Tri 83/01 | E6: =Thuysan!R150 -> Trần Văn Ba - Ấp 7, Xã An Thủy | F6: =Thuysan!S150 -> 1 | G6: =Thuysan!T150 -> - | H6: =Thuysan!U150 -> 10/10/2023 | I6: =Thuysan!V150 -> Phạm Minh Thuận | J6: =Thuysan!W150
A7: =_xlfn.AGGREGATE(3,3,$C$6:C7) -> 2 | B7: =Thuysan!O151 -> Tôm chân trắng thương phẩm | C7: =Thuysan!P151 -> 83/1023/02 | D7: =Thuysan!Q151 -> Bình Đại 83/02 | E7: =Thuysan!R151 -> Võ Huỳnh Tiến Nghĩa - Ấp 4, Xã Bình Thới | F7: =Thuysan!S151 -> 1 | G7: =Thuysan!T151 -> - | H7: =Thuysan!U151 -> 11/10/2023 | I7: =Thuysan!V151 -> Cao Quang Nguyên | J7: =Thuysan!W151
A8: =_xlfn.AGGREGATE(3,3,$C$6:C8) -> 3 | B8: =Thuysan!O152 -> Cá tra thương phẩm | C8: =Thuysan!P152 -> 83/1023/03 | E8: =Thuysan!R152 -> Công ty CP Gò Đàng - Ấp Việc Giữa, Xã Thới Lai | F8: =Thuysan!S152 -> 1.5 | G8: =Thuysan!T152 -> Fosfomycin, Pb, Hg, Cd | J8: =Thuysan!W152
A9: =_xlfn.AGGREGATE(3,3,$C$6:C9) -> 4 | B9: =Thuysan!O153 -> Cá tra thương phẩm | C9: =Thuysan!P153 -> 83/1023/04 | F9: =Thuysan!S153 -> 1.5 | G9: =Thuysan!T153 -> Azadirachtin, Pb, Hg, Cd | J9: =Thuysan!W153
A10: =_xlfn.AGGREGATE(3,3,$C$6:C10) -> 5 | B10: =Thuysan!O154 -> Tôm sú quảng canh | C10: =Thuysan!P154 -> 83/1023/05 | D10: =Thuysan!Q154 -> Thạnh Phú 83/03 | E10: =Thuysan!R154 -> Đặng Thái Bình - Ấp An Định, Xã An Nhơn | F10: =Thuysan!S154 -> 1 | G10: =Thuysan!T154 -> Fosfomycin | H10: =Thuysan!U154 -> 12/10/2023 | I10: =Thuysan!V154 -> Cao Quang Nguyên | J10: =Thuysan!W154
A11: =_xlfn.AGGREGATE(3,3,$C$6:C11) -> 6 | B11: =Thuysan!O155 -> Cá tra thương phẩm | C11: =Thuysan!P155 -> 83/1023/06 | D11: =Thuysan!Q155 -> Mỏ Cày 83/04 | E11: =Thuysan!R155 -> Công ty CP Gò Đàng - Ấp Thành Long, Xã Thành Thới A | F11: =Thuysan!S155 -> 1.5 | G11: =Thuysan!T155 -> Florfenicol, Pb, Hg, Cd | H11: =Thuysan!U155 -> 11/10/2023 | I11: =Thuysan!V155 -> Phạm Minh Thuận | J11: =Thuysan!W155
A12: =_xlfn.AGGREGATE(3,3,$C$6:C12) -> 7 | B12: =Thuysan!O156 -> Cá tra thương phẩm | C12: =Thuysan!P156 -> 83/1023/07 | F12: =Thuysan!S156 -> 1.5 | G12: =Thuysan!T156 -> Trimethoprim, Pb, Hg, Cd | J12: =Thuysan!W156
A13: =_xlfn.AGGREGATE(3,3,$C$6:C13) -> 8 | B13: =Thuysan!O157 -> Cá tra thương phẩm | C13: =Thuysan!P157 -> 83/1023/08 | D13: =Thuysan!Q157 -> Châu Thành 83/05 | E13: =Thuysan!R157 -> Công ty CPTS Hải Hương - Cồn Tiên Lợi, Xã Tiên Long | F13: =Thuysan!S157 -> 1.5 | G13: =Thuysan!T157 -> Florfenicol, Pb, Hg, Cd | H13: =Thuysan!U157 -> 11/10/2023 | I13: =Thuysan!V157 -> Nguyễn Duy Khanh | J13: =Thuysan!W157
A14: =_xlfn.AGGREGATE(3,3,$C$6:C14) -> 9 | B14: =Thuysan!O158 -> Cá tra thương phẩm | C14: =Thuysan!P158 -> 83/1023/09 | F14: =Thuysan!S158 -> 1.5 | G14: =Thuysan!T158 -> Fosfomycin, Pb, Hg, Cd | J14: =Thuysan!W158
A15: =_xlfn.AGGREGATE(3,3,$C$6:C15) -> 10 | B15: =Thuysan!O159 -> Cá tra thương phẩm | C15: =Thuysan!P159 -> 83/1023/10 | D15: =Thuysan!Q159 -> Giồng Trôm 83/06 | E15: =Thuysan!R159 -> Công ty CP Gò Đàng - Ấp 5, Xã Thạnh Phú Đông | F15: =Thuysan!S159 -> 1.5 | G15: =Thuysan!T159 -> Levamisol, Pb, Hg, Cd | H15: =Thuysan!U159 -> 12/10/2023 | I15: =Thuysan!V159 -> Phạm Minh Thuận | J15: =Thuysan!W159
A16: =_xlfn.AGGREGATE(3,3,$C$6:C16) -> 11 | B16: =Thuysan!O160 -> Cá tra thương phẩm | C16: =Thuysan!P160 -> 83/1023/11 | F16: =Thuysan!S160 -> 1.5 | G16: =Thuysan!T160 -> Fenbendazole, Pb, Hg, Cd | J16: =Thuysan!W160
A17: =_xlfn.AGGREGATE(3,3,$C$6:C17) -> 12 | B17: =Thuysan!O161 -> Cá tra thương phẩm | C17: =Thuysan!P161 -> 83/1023/12 | D17: =Thuysan!Q161 -> Chợ Lách 83/07 | E17: =Thuysan!R161 -> Công ty TNHH CBTPXK Vạn Đức Tiền Giang - Ấp Bình An, Xã Hòa Nghĩa | F17: =Thuysan!S161 -> 1.5 | G17: =Thuysan!T161 -> Chloramphenicol, Pb, Hg, Cd | H17: =Thuysan!U161 -> 12/10/2023 | I17: =Thuysan!V161 -> Nguyễn Duy Khanh | J17: =Thuysan!W161
A18: =_xlfn.AGGREGATE(3,3,$C$6:C18) -> 13 | B18: =Thuysan!O162 -> Cá tra thương phẩm | C18: =Thuysan!P162 -> 83/1023/13 | F18: =Thuysan!S162 -> 1.5 | G18: =Thuysan!T162 -> Nitrofurans, Pb, Hg, Cd | J18: =Thuysan!W162
A19: =_xlfn.AGGREGATE(3,3,$C$6:C19) -> 14 | B19: =Thuysan!O163 -> Cá tra thương phẩm | C19: =Thuysan!P163 -> 83/1023/14 | F19: =Thuysan!S163 -> 1.5 | G19: =Thuysan!T163 -> Thuốc trừ sâu gốc Chlor hữu cơ, Pb, Hg, Cd | J19: =Thuysan!W163
A20: =_xlfn.AGGREGATE(3,3,$C$6:C20) -> 15 | B20: =Thuysan!O164 -> Cá tra thương phẩm | C20: =Thuysan!P164 -> 83/1023/15 | F20: =Thuysan!S164 -> 1.5 | G20: =Thuysan!T164 -> - | J20: =Thuysan!W164

Sheet T9.QD
A1: PHỤ LỤC
A2: LẤY MẪU GIÁM SÁT DƯ LƯỢNG TỈNH BẾN TRE THÁNG 9/2023
A3: (Kèm theo Quyết định số …… /QĐ-QLCL ngày …… tháng …… năm 2023 của Chi cục Quản lý chất lượng Nông lâm sản và Thủy sản)
A5: TT | B5: Tên mẫu | C5: Mã số mẫu | D5: Mã số vùng nuôi | E5: Địa điểm lấy mẫu | F5: Khối lượng mẫu (kg) | G5: Chỉ tiêu phân tích | H5: Thời gian lấy mẫu | I5: Người lấy mẫu | J5: Ghi chú
A6: =_xlfn.AGGREGATE(3,3,$C$6:C6) -> 1 | B6: =Thuysan!O133 -> Tôm sú thương phẩm | C6: =Thuysan!P133 -> 83/0923/01 | D6: =Thuysan!Q133 -> Ba Tri 83/01 | E6: =Thuysan!R133 -> Phạm Văn Tâm - Ấp 7, Xã An Thủy | F6: =Thuysan!S133 -> 1 | G6: =Thuysan!T133 -> - | H6: =Thuysan!U133 -> 18/09/2023 | I6: =Thuysan!V133 -> Phạm Minh Thuận | J6: =Thuysan!W133 -> Ao 2
A7: =_xlfn.AGGREGATE(3,3,$C$6:C7) -> 2 | B7: =Thuysan!O134 -> Tôm chân trắng thương phẩm | C7: =Thuysan!P134 -> 83/0923/02 | F7: =Thuysan!S134 -> 1 | G7: =Thuysan!T134 -> Amoxicillin | J7: =Thuysan!W134 -> Ao 1
A8: =_xlfn.AGGREGATE(3,3,$C$6:C8) -> 3 | B8: =Thuysan!O135 -> Cá tra thương phẩm | C8: =Thuysan!P135 -> 83/0923/03 | E8: =Thuysan!R135 -> Công ty CP Gò Đàng - Ấp 4, Xã Tân Xuân | F8: =Thuysan!S135 -> 1.5 | G8: =Thuysan!T135 -> Trifluralin, Pb, Hg, Cd | J8: =Thuysan!W135 -> Ao 1
A9: =_xlfn.AGGREGATE(3,3,$C$6:C9) -> 4 | B9: =Thuysan!O136 -> Tôm chân trắng thương phẩm | C9: =Thuysan!P136 -> 83/0923/04 | D9: =Thuysan!Q136 -> Bình Đại 83/02 | E9: =Thuysan!R136 -> Nguyễn Thị Trang - ấp 3, Xã Thạnh Trị | F9: =Thuysan!S136 -> 1 | G9: =Thuysan!T136 -> Nitrofurans | H9: =Thuysan!U136 -> 18/09/2023 | I9: =Thuysan!V136 -> Cao Quang Nguyên | J9: =Thuysan!W136 -> Ao 1
A10: =_xlfn.AGGREGATE(3,3,$C$6:C10) -> 5 | B10: =Thuysan!O137 -> Cá tra thương phẩm | C10: =Thuysan!P137 -> 83/0923/05 | E10: =Thuysan!R137 -> Công ty CP Gò Đàng - Ấp Hưng Nhơn, Xã Châu Hưng | F10: =Thuysan!S137 -> 1.5 | G10: =Thuysan!T137 -> Nhóm Quinolones, Pb, Hg, Cd | J10: =Thuysan!W137 -> Ao E1
A11: =_xlfn.AGGREGATE(3,3,$C$6:C11) -> 6 | B11: =Thuysan!O138 -> Cá tra thương phẩm | C11: =Thuysan!P138 -> 83/0923/06 | F11: =Thuysan!S138 -> 1.5 | G11: =Thuysan!T138 -> Ormetoprim, Pb, Hg, Cd | J11: =Thuysan!W138 -> Ao E2
A12: =_xlfn.AGGREGATE(3,3,$C$6:C12) -> 7 | B12: =Thuysan!O139 -> Tôm sú thương phẩm | C12: =Thuysan!P139 -> 83/0923/07 | D12: =Thuysan!Q139 -> Thạnh Phú 83/03 | E12: =Thuysan!R139 -> Phạm Văn Công - Ấp 1, Xã Giao Thạnh | F12: =Thuysan!S139 -> 1 | G12: =Thuysan!T139 -> - | H12: =Thuysan!U139 -> 19/09/2023 | I12: =Thuysan!V139 -> Cao Quang Nguyên | J12: =Thuysan!W139 -> Ao 1
A13: =_xlfn.AGGREGATE(3,3,$C$6:C13) -> 8 | B13: =Thuysan!O140 -> Tôm chân trắng thương phẩm | C13: =Thuysan!P140 -> 83/0923/08 | F13: =Thuysan!S140 -> 1 | G13: =Thuysan!T140 -> - | J13: =Thuysan!W140 -> Ao 3
A14: =_xlfn.AGGREGATE(3,3,$C$6:C14) -> 9 | B14: =Thuysan!O141 -> Tôm sú quảng canh | C14: =Thuysan!P141 -> 83/0923/09 | E14: =Thuysan!R141 -> Bùi Hiếu Hiền - Ấp Thạnh Thới B, Xã Thạnh Hải | F14: =Thuysan!S141 -> 1 | G14: =Thuysan!T141 -> Florfenicol | J14: =Thuysan!W141
A15: =_xlfn.AGGREGATE(3,3,$C$6:C15) -> 10 | B15: =Thuysan!O142 -> Cá tra thương phẩm | C15: =Thuysan!P142 -> 83/0923/10 | D15: =Thuysan!Q142 -> Mỏ Cày 83/04 | E15: =Thuysan!R142 -> Công ty CPTS Hải Hương - Ấp Thành Long, Xã Thành Thới A | F15: =Thuysan!S142 -> 1.5 | G15: =Thuysan!T142 -> Chlorpyrifos, Fipronil, Pb, Hg, Cd | H15: =Thuysan!U142 -> 19/09/2023 | I15: =Thuysan!V142 -> Phạm Minh Thuận | J15: =Thuysan!W142 -> Ao 6
A16: =_xlfn.AGGREGATE(3,3,$C$6:C16) -> 11 | B16: =Thuysan!O143 -> Cá tra thương phẩm | C16: =Thuysan!P143 -> 83/0923/11 | F16: =Thuysan!S143 -> 1.5 | G16: =Thuysan!T143 -> Malachite Green, Leuco Malachite Green, Crystal Violet, Leuco Crystal Violet, Pb, Hg, Cd | J16: =Thuysan!W143 -> Ao 10
A17: =_xlfn.AGGREGATE(3,3,$C$6:C17) -> 12 | B17: =Thuysan!O144 -> Cá tra thương phẩm | C17: =Thuysan!P144 -> 83/0923/12 | D17: =Thuysan!Q144 -> Châu Thành 83/05 | E17: =Thuysan!R144 -> Công ty CP Gò Đàng - Ấp Phú Luông, Xã Tân Phú | F17: =Thuysan!S144 -> 1.5 | G17: =Thuysan!T144 -> Ivermectin, Praziquantel, Trichlorfon, Avermectin B1a, Pb, Hg, Cd | H17: =Thuysan!U144 -> 18/09/2023 | I17: =Thuysan!V144 -> Phạm Văn Lâm | J17: =Thuysan!W144 -> Ao B3
A18: =_xlfn.AGGREGATE(3,3,$C$6:C18) -> 13 | B18: =Thuysan!O145 -> Cá tra thương phẩm | C18: =Thuysan!P145 -> 83/0923/13 | F18: =Thuysan!S145 -> 1.5 | G18: =Thuysan!T145 -> Trifluralin, Pb, Hg, Cd | J18: =Thuysan!W145 -> Ao B4
A19: =_xlfn.AGGREGATE(3,3,$C$6:C19) -> 14 | B19: =Thuysan!O146 -> Cá tra thương phẩm | C19: =Thuysan!P146 -> 83/0923/14 | D19: =Thuysan!Q146 -> Giồng Trôm 83/06 | E19: =Thuysan!R146 -> Công ty CP Gò Đàng - Ấp 1, Xã Sơn Phú | F19: =Thuysan!S146 -> 1.5 | G19: =Thuysan!T146 -> Fosfomycin, Pb, Hg, Cd | H19: =Thuysan!U146 -> 20/09/2023 | I19: =Thuysan!V146 -> Phạm Minh Thuận | J19: =Thuysan!W146 -> Ao 2
A20: =_xlfn.AGGREGATE(3,3,$C$6:C20) -> 15 | B20: =Thuysan!O147 -> Cá tra thương phẩm | C20: =Thuysan!P147 -> 83/0923/15 | F20: =Thuysan!S147 -> 1.5 | G20: =Thuysan!T147 -> Erythromycin, Pb, Hg, Cd | J20: =Thuysan!W147 -> Ao 7
A21: =_xlfn.AGGREGATE(3,3,$C$6:C21) -> 16 | B21: =Thuysan!O148 -> Cá tra nhỏ | C21: =Thuysan!P148 -> 83/0923/16 | D21: =Thuysan!Q148 -> Chợ Lách 83/07 | E21: =Thuysan!R148 -> Công ty TNHH CBTPXK Vạn Đức Tiền Giang - Khu nuôi Cồn Kiếng, Ấp Long Khánh, Xã Tân Thiềng | F21: =Thuysan!S148 -> 1 | G21: =Thuysan!T148 -> Nitrofurans, Pb, Hg, Cd | H21: =Thuysan!U148 -> 19/09/2023 | I21: =Thuysan!V148 -> Phạm Văn Lâm | J21: =Thuysan!W148 -> Ao 7
A22: =_xlfn.AGGREGATE(3,3,$C$6:C22) -> 17 | B22: =Thuysan!O149 -> Cá tra nhỏ | C22: =Thuysan!P149 -> 83/0923/17 | F22: =Thuysan!S149 -> 1 | G22: =Thuysan!T149 -> Nhóm Nitroimidazoles, Pb, Hg, Cd | J22: =Thuysan!W149 -> Ao 10

Sheet T8.QD 
A1: PHỤ LỤC
A2: LẤY MẪU GIÁM SÁT DƯ LƯỢNG TỈNH BẾN TRE THÁNG 8/2023
A3: (Kèm theo Quyết định số …… /QĐ-QLCL ngày …… tháng …… năm 2023 của Chi cục Quản lý chất lượng Nông lâm sản và Thủy sản)
A5: TT | B5: Tên mẫu | C5: Mã số mẫu | D5: Mã số vùng nuôi | E5: Địa điểm lấy mẫu | F5: Khối lượng mẫu (kg) | G5: Chỉ tiêu phân tích | H5: Thời gian lấy mẫu | I5: Người lấy mẫu | J5: Ghi chú
A6: =_xlfn.AGGREGATE(3,3,$C$6:C6) -> 1 | B6: =Thuysan!O110 -> Tôm sú thương phẩm | C6: =Thuysan!P110 -> 83/0823/01 | D6: =Thuysan!Q110 -> Ba Tri 83/01 | E6: =Thuysan!R110 -> Huỳnh Văn Lâm - Ấp 7, Xã An Thủy | F6: =Thuysan!S110 -> 1 | G6: =Thuysan!T110 -> Azadirachtin | H6: =Thuysan!U110 -> 21/08/2023 | I6: =Thuysan!V110 -> Phạm Minh Thuận | J6: =Thuysan!W110 -> Ao 1
A7: =_xlfn.AGGREGATE(3,3,$C$6:C7) -> 2 | B7: =Thuysan!O111 -> Tôm chân trắng thương phẩm | C7: =Thuysan!P111 -> 83/0823/02 | F7: =Thuysan!S111 -> 1 | G7: =Thuysan!T111 -> Azadirachtin | J7: =Thuysan!W111 -> Ao 2
A8: =_xlfn.AGGREGATE(3,3,$C$6:C8) -> 3 | B8: =Thuysan!O112 -> Tôm sú thương phẩm | C8: =Thuysan!P112 -> 83/0823/03 | D8: =Thuysan!Q112 -> Bình Đại 83/02 | E8: =Thuysan!R112 -> Lê Bá Tú - Ấp 3, Xã Thạnh Trị | F8: =Thuysan!S112 -> 1 | G8: =Thuysan!T112 -> Nhóm Quinolones | H8: =Thuysan!U112 -> 21/08/2023 | I8: =Thuysan!V112 -> Cao Quang Nguyên | J8: =Thuysan!W112 -> Ao 1
A9: =_xlfn.AGGREGATE(3,3,$C$6:C9) -> 4 | B9: =Thuysan!O113 -> Tôm chân trắng thương phẩm | C9: =Thuysan!P113 -> 83/0823/04 | F9: =Thuysan!S113 -> 1 | G9: =Thuysan!T113 -> Nhóm Quinolones | J9: =Thuysan!W113 -> Ao 2
A10: =_xlfn.AGGREGATE(3,3,$C$6:C10) -> 5 | B10: =Thuysan!O114 -> Cá tra nhỏ | C10: =Thuysan!P114 -> 83/0823/05 | E10: =Thuysan!R114 -> Công ty CP Gò Đàng - Ấp Việc Giữa, Xã Thới Lai | F10: =Thuysan!S114 -> 1 | G10: =Thuysan!T114 -> - | J10: =Thuysan!W114 -> Ao 5
A11: =_xlfn.AGGREGATE(3,3,$C$6:C11) -> 6 | B11: =Thuysan!O115 -> Cá tra nhỏ | C11: =Thuysan!P115 -> 83/0823/06 | F11: =Thuysan!S115 -> 1 | G11: =Thuysan!T115 -> Nitrofurans | J11: =Thuysan!W115 -> Ao 4
A12: =_xlfn.AGGREGATE(3,3,$C$6:C12) -> 7 | B12: =Thuysan!O116 -> Nước ương tôm giống | C12: =Thuysan!P116 -> 83/0823/07 | E12: =Thuysan!R116 -> Công ty TNHH TS Toàn Cầu - Ấp Bình Thới, Xã Thới Thuận | F12: =Thuysan!S116 -> 1 | G12: =Thuysan!T116 -> Chloramphenicol, Furazolidone | J12: =Thuysan!W116 -> Bể 14
A13: =_xlfn.AGGREGATE(3,3,$C$6:C13) -> 8 | B13: =Thuysan!O117 -> Nước ương tôm giống | C13: =Thuysan!P117 -> 83/0823/08 | E13: =Thuysan!R117 -> Công ty CP chăn nuôi C.P. Việt Nam-Chi nhánh 3 tại Bến Tre - Ấp Bình Thới, Xã Thới Thuận | F13: =Thuysan!S117 -> 1 | G13: =Thuysan!T117 -> Chloramphenicol, Furazolidone | J13: =Thuysan!W117 -> Bể 1
A14: =_xlfn.AGGREGATE(3,3,$C$6:C14) -> 9 | B14: =Thuysan!O118 -> Nước ương tôm giống | C14: =Thuysan!P118 -> 83/0823/09 | E14: =Thuysan!R118 -> Cơ sở SX tôm giống Bảy Tươi - Ấp 7, Xã Thạnh Phước | F14: =Thuysan!S118 -> 1 | G14: =Thuysan!T118 -> Chloramphenicol, Furazolidone | J14: =Thuysan!W118
A15: =_xlfn.AGGREGATE(3,3,$C$6:C15) -> 10 | B15: =Thuysan!O119 -> Nước ương tôm giống | C15: =Thuysan!P119 -> 83/0823/10 | E15: =Thuysan!R119 -> Trung tâm SX Tôm giống Huy Thuận - Ấp Thừa Tiên, Xã Thừa Đức | F15: =Thuysan!S119 -> 1 | G15: =Thuysan!T119 -> Chloramphenicol, Furazolidone | J15: =Thuysan!W119 -> Bể 6
A16: =_xlfn.AGGREGATE(3,3,$C$6:C16) -> 11 | B16: =Thuysan!O120 -> Tôm sú thương phẩm | C16: =Thuysan!P120 -> 83/0823/11 | D16: =Thuysan!Q120 -> Thạnh Phú 83/03 | E16: =Thuysan!R120 -> Trần Văn Tần - Ấp Thạnh Thới B, Xã Thạnh Hải | F16: =Thuysan!S120 -> 1 | G16: =Thuysan!T120 -> Trimethoprim | H16: =Thuysan!U120 -> 22/08/2023 | I16: =Thuysan!V120 -> Cao Quang Nguyên | J16: =Thuysan!W120 -> Ao 1
A17: =_xlfn.AGGREGATE(3,3,$C$6:C17) -> 12 | B17: =Thuysan!O121 -> Tôm chân trắng thương phẩm | C17: =Thuysan!P121 -> 83/0823/12 | F17: =Thuysan!S121 -> 1 | G17: =Thuysan!T121 -> Erythromycin | J17: =Thuysan!W121 -> Ao 2
A18: =_xlfn.AGGREGATE(3,3,$C$6:C18) -> 13 | B18: =Thuysan!O122 -> Tôm sú quảng canh | C18: =Thuysan!P122 -> 83/0823/13 | E18: =Thuysan!R122 -> Phạm Văn Triều - Ấp 4, Xã Thạnh Phong | F18: =Thuysan!S122 -> 1 | G18: =Thuysan!T122 -> Nhóm Quinolones | J18: =Thuysan!W122
A19: =_xlfn.AGGREGATE(3,3,$C$6:C19) -> 14 | B19: =Thuysan!O123 -> Cá tra thương phẩm | C19: =Thuysan!P123 -> 83/0823/14 | D19: =Thuysan!Q123 -> Mỏ Cày 83/04 | E19: =Thuysan!R123 -> Công ty CP Gò Đàng - Ấp Tân Phong, Xã Thành Thới A | F19: =Thuysan!S123 -> 1.5 | G19: =Thuysan!T123 -> - | H19: =Thuysan!U123 -> 22/08/2023 | I19: =Thuysan!V123 -> Phạm Minh Thuận | J19: =Thuysan!W123 -> Ao 11
A20: =_xlfn.AGGREGATE(3,3,$C$6:C20) -> 15 | B20: =Thuysan!O124 -> Cá tra thương phẩm | C20: =Thuysan!P124 -> 83/0823/15 | F20: =Thuysan!S124 -> 1.5 | G20: =Thuysan!T124 -> Trifluralin | J20: =Thuysan!W124 -> Ao 10
A21: =_xlfn.AGGREGATE(3,3,$C$6:C21) -> 16 | B21: =Thuysan!O125 -> Cá tra nhỏ | C21: =Thuysan!P125 -> 83/0823/16 | D21: =Thuysan!Q125 -> Châu Thành 83/05 | E21: =Thuysan!R125 -> Công ty CP Hùng Vương - Ấp Phú Tân, Xã Phú Túc | F21: =Thuysan!S125 -> 1 | G21: =Thuysan!T125 -> Nitrofurans | H21: =Thuysan!U125 -> 21/08/2023 | I21: =Thuysan!V125 -> Nguyễn Duy Khanh | J21: =Thuysan!W125 -> Ao 4
A22: =_xlfn.AGGREGATE(3,3,$C$6:C22) -> 17 | B22: =Thuysan!O126 -> Cá tra nhỏ | C22: =Thuysan!P126 -> 83/0823/17 | F22: =Thuysan!S126 -> 1 | G22: =Thuysan!T126 -> - | J22: =Thuysan!W126 -> Ao 10
A23: =_xlfn.AGGREGATE(3,3,$C$6:C23) -> 18 | B23: =Thuysan!O127 -> Cá tra thương phẩm | C23: =Thuysan!P127 -> 83/0823/18 | D23: =Thuysan!Q127 -> Giồng Trôm 83/06 | E23: =Thuysan!R127 -> Công ty CP Gò Đàng - Ấp 8, Xã Phước Long | F23: =Thuysan!S127 -> 1.5 | G23: =Thuysan!T127 -> Chloramphenicol | H23: =Thuysan!U127 -> 23/08/2023 | I23: =Thuysan!V127 -> Phạm Minh Thuận | J23: =Thuysan!W127 -> Ao 3
A24: =_xlfn.AGGREGATE(3,3,$C$6:C24) -> 19 | B24: =Thuysan!O128 -> Cá tra thương phẩm | C24: =Thuysan!P128 -> 83/0823/19 | F24: =Thuysan!S128 -> 1.5 | G24: =Thuysan!T128 -> Nitrofurans | J24: =Thuysan!W128 -> Ao 9
A25: =_xlfn.AGGREGATE(3,3,$C$6:C25) -> 20 | B25: =Thuysan!O129 -> Cá tra thương phẩm | C25: =Thuysan!P129 -> 83/0823/20 | D25: =Thuysan!Q129 -> Chợ Lách 83/07 | E25: =Thuysan!R129 -> Công ty CP Vĩnh Hoàn - Ấp Quân Bình, Xã Tân Thiềng | F25: =Thuysan!S129 -> 1.5 | G25: =Thuysan!T129 -> Nhóm Tetracyclines | H25: =Thuysan!U129 -> 22/08/2023 | I25: =Thuysan!V129 -> Nguyễn Duy Khanh | J25: =Thuysan!W129 -> Ao 2
A26: =_xlfn.AGGREGATE(3,3,$C$6:C26) -> 21 | B26: =Thuysan!O130 -> Cá tra thương phẩm | C26: =Thuysan!P130 -> 83/0823/21 | F26: =Thuysan!S130 -> 1.5 | G26: =Thuysan!T130 -> Nhóm Quinolones | J26: =Thuysan!W130 -> Ao 3
A27: =_xlfn.AGGREGATE(3,3,$C$6:C27) -> 22 | B27: =Thuysan!O131 -> Cá tra thương phẩm | C27: =Thuysan!P131 -> 83/0823/22 | F27: =Thuysan!S131 -> 1.5 | G27: =Thuysan!T131 -> - | J27: =Thuysan!W131 -> Ao 5
A28: =_xlfn.AGGREGATE(3,3,$C$6:C28) -> 23 | B28: =Thuysan!O132 -> Cá tra thương phẩm | C28: =Thuysan!P132 -> 83/0823/23 | F28: =Thuysan!S132 -> 1.5 | G28: =Thuysan!T132 -> Trifluralin | J28: =Thuysan!W132 -> Ao 7

Sheet T7.QD 
A1: PHỤ LỤC
A2: LẤY MẪU GIÁM SÁT DƯ LƯỢNG TỈNH BẾN TRE THÁNG 7/2023
A3: (Kèm theo Quyết định số …… /QĐ-QLCL ngày …… tháng …… năm 2023 của Chi cục Quản lý chất lượng Nông lâm sản và Thủy sản)
A5: TT | B5: Tên mẫu | C5: Mã số mẫu | D5: Mã số vùng nuôi | E5: Địa điểm lấy mẫu | F5: Khối lượng mẫu (kg) | G5: Chỉ tiêu phân tích | H5: Thời gian lấy mẫu | I5: Người lấy mẫu | J5: Ghi chú
A6: =_xlfn.AGGREGATE(3,3,$C$6:C6) -> 1 | B6: =Thuysan!O91 -> Tôm sú thương phẩm | C6: =Thuysan!P91 -> 83/0723/01 | D6: =Thuysan!Q91 -> Ba Tri 83/01 | E6: =Thuysan!R91 -> Nguyễn Văn Đấu - Ấp 7, Xã An Thủy | F6: =Thuysan!S91 -> 1 | G6: =Thuysan!T91 -> Erythromycin | H6: =Thuysan!U91 -> 11/07/2023 | I6: =Thuysan!V91 -> Phạm Minh Thuận
A7: =_xlfn.AGGREGATE(3,3,$C$6:C7) -> 2 | B7: =Thuysan!O92 -> Tôm chân trắng thương phẩm | C7: =Thuysan!P92 -> 83/0723/02 | F7: =Thuysan!S92 -> 1 | G7: =Thuysan!T92 -> Chloramphenicol
A8: =_xlfn.AGGREGATE(3,3,$C$6:C8) -> 3 | B8: =Thuysan!O93 -> Cá tra thương phẩm | C8: =Thuysan!P93 -> 83/0723/03 | E8: =Thuysan!R93 -> Công ty CP Gò Đàng - Ấp 4, Xã Tân Xuân | F8: =Thuysan!S93 -> 1.5 | G8: =Thuysan!T93 -> Fosfomycin
A9: =_xlfn.AGGREGATE(3,3,$C$6:C9) -> 4 | B9: =Thuysan!O94 -> Tôm sú thương phẩm | C9: =Thuysan!P94 -> 83/0723/04 | D9: =Thuysan!Q94 -> Bình Đại 83/02 | E9: =Thuysan!R94 -> Nguyễn Văn Mười - Ấp Bình Thạnh 3, Xã Thạnh Trị | F9: =Thuysan!S94 -> 1 | G9: =Thuysan!T94 -> - | H9: =Thuysan!U94 -> 12/07/2023 | I9: =Thuysan!V94 -> Cao Quang Nguyên
A10: =_xlfn.AGGREGATE(3,3,$C$6:C10) -> 5 | B10: =Thuysan!O95 -> Tôm chân trắng thương phẩm | C10: =Thuysan!P95 -> 83/0723/05 | F10: =Thuysan!S95 -> 1 | G10: =Thuysan!T95 -> Nhóm Sulfonamides
A11: =_xlfn.AGGREGATE(3,3,$C$6:C11) -> 6 | B11: =Thuysan!O96 -> Cá tra thương phẩm | C11: =Thuysan!P96 -> 83/0723/06 | E11: =Thuysan!R96 -> Công ty CP Gò Đàng - Ấp Vinh Xương, Xã Vang Quới Đông | F11: =Thuysan!S96 -> 1.5 | G11: =Thuysan!T96 -> Nhóm Tetracyclines
A12: =_xlfn.AGGREGATE(3,3,$C$6:C12) -> 7 | B12: =Thuysan!O97 -> Cá tra thương phẩm | C12: =Thuysan!P97 -> 83/0723/07 | F12: =Thuysan!S97 -> 1.5 | G12: =Thuysan!T97 -> Trimethoprim
A13: =_xlfn.AGGREGATE(3,3,$C$6:C13) -> 8 | B13: =Thuysan!O98 -> Tôm sú thương phẩm | C13: =Thuysan!P98 -> 83/0723/08 | D13: =Thuysan!Q98 -> Thạnh Phú 83/03 | E13: =Thuysan!R98 -> Đặng Thái Bình - Ấp An Định, Xã An Nhơn | F13: =Thuysan!S98 -> 1 | G13: =Thuysan!T98 -> Florfenicol | H13: =Thuysan!U98 -> 13/07/2023 | I13: =Thuysan!V98 -> Cao Quang Nguyên
A14: =_xlfn.AGGREGATE(3,3,$C$6:C14) -> 9 | B14: =Thuysan!O99 -> Tôm sú quảng canh | C14: =Thuysan!P99 -> 83/0723/09 | E14: =Thuysan!R99 -> Lê Văn Nói - , Xã An Thuận | F14: =Thuysan!S99 -> 1 | G14: =Thuysan!T99 -> Chloramphenicol
A15: =_xlfn.AGGREGATE(3,3,$C$6:C15) -> 10 | B15: =Thuysan!O100 -> Tôm chân trắng thương phẩm | C15: =Thuysan!P100 -> 83/0723/10 | E15: =Thuysan!R100 -> Đặng Thái Bình - Ấp An Định, Xã An Nhơn | F15: =Thuysan!S100 -> 1 | G15: =Thuysan!T100 -> Ormetoprim
A16: =_xlfn.AGGREGATE(3,3,$C$6:C16) -> 11 | B16: =Thuysan!O101 -> Cá tra thương phẩm | C16: =Thuysan!P101 -> 83/0723/11 | D16: =Thuysan!Q101 -> Mỏ Cày 83/04 | E16: =Thuysan!R101 -> Công ty CPTS Hải Hương - Ấp Phú Hữu, Xã Cẩm Sơn | F16: =Thuysan!S101 -> 1.5 | G16: =Thuysan!T101 -> Nhóm Quinolones | H16: =Thuysan!U101 -> 12/07/2023 | I16: =Thuysan!V101 -> Phạm Minh Thuận
A17: =_xlfn.AGGREGATE(3,3,$C$6:C17) -> 12 | B17: =Thuysan!O102 -> Cá tra thương phẩm | C17: =Thuysan!P102 -> 83/0723/12 | D17: =Thuysan!Q102 -> Châu Thành 83/05 | E17: =Thuysan!R102 -> Công ty CP Gò Đàng - Ấp Tiên Thạnh, Xã Tiên Long | F17: =Thuysan!S102 -> 1.5 | G17: =Thuysan!T102 -> Trimethoprim | H17: =Thuysan!U102 -> 12/07/2023 | I17: =Thuysan!V102 -> Nguyễn Duy Khanh
A18: =_xlfn.AGGREGATE(3,3,$C$6:C18) -> 13 | B18: =Thuysan!O103 -> Cá tra thương phẩm | C18: =Thuysan!P103 -> 83/0723/13 | F18: =Thuysan!S103 -> 1.5 | G18: =Thuysan!T103 -> Ormetoprim
A19: =_xlfn.AGGREGATE(3,3,$C$6:C19) -> 14 | B19: =Thuysan!O104 -> Cá tra thương phẩm | C19: =Thuysan!P104 -> 83/0723/14 | D19: =Thuysan!Q104 -> Giồng Trôm 83/06 | E19: =Thuysan!R104 -> Công ty CP Gò Đàng - Ấp 1, Xã Sơn Phú | F19: =Thuysan!S104 -> 1.5 | G19: =Thuysan!T104 -> Nitrofurans | H19: =Thuysan!U104 -> 13/07/2023 | I19: =Thuysan!V104 -> Phạm Minh Thuận
A20: =_xlfn.AGGREGATE(3,3,$C$6:C20) -> 15 | B20: =Thuysan!O105 -> Cá tra thương phẩm | C20: =Thuysan!P105 -> 83/0723/15 | F20: =Thuysan!S105 -> 1.5 | G20: =Thuysan!T105 -> -
A21: =_xlfn.AGGREGATE(3,3,$C$6:C21) -> 16 | B21: =Thuysan!O106 -> Cá tra thương phẩm | C21: =Thuysan!P106 -> 83/0723/16 | D21: =Thuysan!Q106 -> Chợ Lách 83/07 | E21: =Thuysan!R106 -> Công ty CP NTTS Hùng Vương - Miền Tây - Ấp An Hòa, Xã Long Thới | F21: =Thuysan!S106 -> 1.5 | G21: =Thuysan!T106 -> Nhóm Quinolones | H21: =Thuysan!U106 -> 13/07/2023 | I21: =Thuysan!V106 -> Nguyễn Duy Khanh
A22: =_xlfn.AGGREGATE(3,3,$C$6:C22) -> 17 | B22: =Thuysan!O107 -> Cá tra thương phẩm | C22: =Thuysan!P107 -> 83/0723/17 | F22: =Thuysan!S107 -> 1.5 | G22: =Thuysan!T107 -> Erythromycin
A23: =_xlfn.AGGREGATE(3,3,$C$6:C23) -> 18 | B23: =Thuysan!O108 -> Cá tra thương phẩm | C23: =Thuysan!P108 -> 83/0723/18 | F23: =Thuysan!S108 -> 1.5 | G23: =Thuysan!T108 -> Azadirachtin
A24: =_xlfn.AGGREGATE(3,3,$C$6:C24) -> 19 | B24: =Thuysan!O109 -> Cá tra thương phẩm | C24: =Thuysan!P109 -> 83/0723/19 | F24: =Thuysan!S109 -> 1.5 | G24: =Thuysan!T109 -> -

Sheet T6.QD 
A1: PHỤ LỤC
A2: LẤY MẪU GIÁM SÁT DƯ LƯỢNG TỈNH BẾN TRE THÁNG 6/2023
A3: (Kèm theo Quyết định số …… /QĐ-QLCL ngày …… tháng …… năm 2023 của Chi cục Quản lý chất lượng Nông lâm sản và Thủy sản)
A5: TT | B5: Tên mẫu | C5: Mã số mẫu | D5: Mã số vùng nuôi | E5: Địa điểm lấy mẫu | F5: Khối lượng mẫu (kg) | G5: Chỉ tiêu phân tích | H5: Thời gian lấy mẫu | I5: Người lấy mẫu | J5: Ghi chú
A6: =_xlfn.AGGREGATE(3,3,$C$6:C6) -> 1 | B6: =Thuysan!O71 -> Tôm sú thương phẩm | C6: =Thuysan!P71 -> 83/0623/01 | D6: =Thuysan!Q71 -> Ba Tri 83/01 | E6: =Thuysan!R71 -> Nguyễn Văn Phong - Ấp 7, Xã An Thủy | F6: =Thuysan!S71 -> 1 | G6: =Thuysan!T71 -> Chloramphenicol | H6: =Thuysan!U71 -> 20/06/2023 | I6: =Thuysan!V71 -> Phạm Minh Thuận | J6: =Thuysan!W71 -> Ao 1
A7: =_xlfn.AGGREGATE(3,3,$C$6:C7) -> 2 | B7: =Thuysan!O72 -> Tôm chân trắng thương phẩm | C7: =Thuysan!P72 -> 83/0623/02 | F7: =Thuysan!S72 -> 1 | G7: =Thuysan!T72 -> Nhóm Quinolones | J7: =Thuysan!W72 -> Ao 2
A8: =_xlfn.AGGREGATE(3,3,$C$6:C8) -> 3 | B8: =Thuysan!O73 -> Tôm sú thương phẩm | C8: =Thuysan!P73 -> 83/0623/03 | D8: =Thuysan!Q73 -> Bình Đại 83/02 | E8: =Thuysan!R73 -> Lê Minh Khách - Ấp Phước Hòa, Xã Thạnh Phước | F8: =Thuysan!S73 -> 1 | G8: =Thuysan!T73 -> Fosfomycin | H8: =Thuysan!U73 -> 20/06/2023 | I8: =Thuysan!V73 -> Cao Quang Nguyên | J8: =Thuysan!W73 -> Ao 1
A9: =_xlfn.AGGREGATE(3,3,$C$6:C9) -> 4 | B9: =Thuysan!O74 -> Tôm chân trắng thương phẩm | C9: =Thuysan!P74 -> 83/0623/04 | F9: =Thuysan!S74 -> 1 | G9: =Thuysan!T74 -> Nhóm Tetracyclines | J9: =Thuysan!W74 -> Ao 2
A10: =_xlfn.AGGREGATE(3,3,$C$6:C10) -> 5 | B10: =Thuysan!O75 -> Cá tra thương phẩm | C10: =Thuysan!P75 -> 83/0623/05 | E10: =Thuysan!R75 -> Công ty CP Gò Đàng - Ấp 4, Xã Tam Hiệp | F10: =Thuysan!S75 -> 1.5 | G10: =Thuysan!T75 -> - | J10: =Thuysan!W75 -> Ao 3
A11: =_xlfn.AGGREGATE(3,3,$C$6:C11) -> 6 | B11: =Thuysan!O76 -> Cá tra thương phẩm | C11: =Thuysan!P76 -> 83/0623/06 | F11: =Thuysan!S76 -> 1.5 | G11: =Thuysan!T76 -> Florfenicol | J11: =Thuysan!W76 -> Ao 6
A12: =_xlfn.AGGREGATE(3,3,$C$6:C12) -> 7 | B12: =Thuysan!O77 -> Tôm sú thương phẩm | C12: =Thuysan!P77 -> 83/0623/07 | D12: =Thuysan!Q77 -> Thạnh Phú 83/03 | E12: =Thuysan!R77 -> Cao Văn Tùng - Ấp An Hòa, Xã An Nhơn | F12: =Thuysan!S77 -> 1 | G12: =Thuysan!T77 -> Amoxicillin | H12: =Thuysan!U77 -> 21/06/2023 | I12: =Thuysan!V77 -> Cao Quang Nguyên | J12: =Thuysan!W77 -> Ao 1
A13: =_xlfn.AGGREGATE(3,3,$C$6:C13) -> 8 | B13: =Thuysan!O78 -> Tôm sú thương phẩm | C13: =Thuysan!P78 -> 83/0623/08 | F13: =Thuysan!S78 -> 1 | G13: =Thuysan!T78 -> Trifluralin | J13: =Thuysan!W78 -> Ao 2
A14: =_xlfn.AGGREGATE(3,3,$C$6:C14) -> 9 | B14: =Thuysan!O79 -> Tôm sú quảng canh | C14: =Thuysan!P79 -> 83/0623/09 | E14: =Thuysan!R79 -> Lê Thị Kiều Oanh - Ấp Giao Hòa B, Xã Giao Thạnh | F14: =Thuysan!S79 -> 1 | G14: =Thuysan!T79 -> - | J14: =Thuysan!W79
A15: =_xlfn.AGGREGATE(3,3,$C$6:C15) -> 10 | B15: =Thuysan!O80 -> Tôm chân trắng thương phẩm | C15: =Thuysan!P80 -> 83/0623/10 | E15: =Thuysan!R80 -> Cao Văn Tùng - Ấp An Hòa, Xã An Nhơn | F15: =Thuysan!S80 -> 1 | G15: =Thuysan!T80 -> Nhóm Quinolones | J15: =Thuysan!W80 -> Ao 3
A16: =_xlfn.AGGREGATE(3,3,$C$6:C16) -> 11 | B16: =Thuysan!O81 -> Cá tra thương phẩm | C16: =Thuysan!P81 -> 83/0623/11 | D16: =Thuysan!Q81 -> Mỏ Cày 83/04 | E16: =Thuysan!R81 -> Công ty CP Gò Đàng - Ấp Tân Phong, Xã Thành Thới A | F16: =Thuysan!S81 -> 1.5 | G16: =Thuysan!T81 -> Nhóm Tetracyclines | H16: =Thuysan!U81 -> 21/06/2023 | I16: =Thuysan!V81 -> Phạm Minh Thuận | J16: =Thuysan!W81 -> Ao 13
A17: =_xlfn.AGGREGATE(3,3,$C$6:C17) -> 12 | B17: =Thuysan!O82 -> Cá tra thương phẩm | C17: =Thuysan!P82 -> 83/0623/12 | F17: =Thuysan!S82 -> 1.5 | G17: =Thuysan!T82 -> Nhóm Sulfonamides | J17: =Thuysan!W82 -> Ao 6
A18: =_xlfn.AGGREGATE(3,3,$C$6:C18) -> 13 | B18: =Thuysan!O83 -> Cá tra thương phẩm | C18: =Thuysan!P83 -> 83/0623/13 | D18: =Thuysan!Q83 -> Châu Thành 83/05 | E18: =Thuysan!R83 -> Công ty TNHH CBTPXK Vạn Đức Tiền Giang - Ấp Tiên Lợi, Xã Tiên Long | F18: =Thuysan!S83 -> 1.5 | G18: =Thuysan!T83 -> Nhóm Sulfonamides | H18: =Thuysan!U83 -> 20/06/2023 | I18: =Thuysan!V83 -> Phạm Văn Lâm | J18: =Thuysan!W83 -> Ao 2
A19: =_xlfn.AGGREGATE(3,3,$C$6:C19) -> 14 | B19: =Thuysan!O84 -> Cá tra thương phẩm | C19: =Thuysan!P84 -> 83/0623/14 | F19: =Thuysan!S84 -> 1.5 | G19: =Thuysan!T84 -> Nhóm Quinolones | J19: =Thuysan!W84 -> Ao 5
A20: =_xlfn.AGGREGATE(3,3,$C$6:C20) -> 15 | B20: =Thuysan!O85 -> Cá tra thương phẩm | C20: =Thuysan!P85 -> 83/0623/15 | D20: =Thuysan!Q85 -> Giồng Trôm 83/06 | E20: =Thuysan!R85 -> Công ty CP Gò Đàng - Ấp 1, Xã Hưng Phong | F20: =Thuysan!S85 -> 1.5 | G20: =Thuysan!T85 -> Trimethoprim | H20: =Thuysan!U85 -> 22/06/2023 | I20: =Thuysan!V85 -> Phạm Minh Thuận | J20: =Thuysan!W85 -> Ao B3
A21: =_xlfn.AGGREGATE(3,3,$C$6:C21) -> 16 | B21: =Thuysan!O86 -> Cá tra thương phẩm | C21: =Thuysan!P86 -> 83/0623/16 | F21: =Thuysan!S86 -> 1.5 | G21: =Thuysan!T86 -> Ormetoprim | J21: =Thuysan!W86 -> Ao B5
A22: =_xlfn.AGGREGATE(3,3,$C$6:C22) -> 17 | B22: =Thuysan!O87 -> Cá tra thương phẩm | C22: =Thuysan!P87 -> 83/0623/17 | D22: =Thuysan!Q87 -> Chợ Lách 83/07 | E22: =Thuysan!R87 -> Công ty CP Thủy sản Vinh Quang - Ấp Quân Bình, Xã Tân Thiềng | F22: =Thuysan!S87 -> 1.5 | G22: =Thuysan!T87 -> Nhóm Tetracyclines | H22: =Thuysan!U87 -> 21/06/2023 | I22: =Thuysan!V87 -> Phạm Văn Lâm | J22: =Thuysan!W87 -> Ao 2B
A23: =_xlfn.AGGREGATE(3,3,$C$6:C23) -> 18 | B23: =Thuysan!O88 -> Cá tra thương phẩm | C23: =Thuysan!P88 -> 83/0623/18 | F23: =Thuysan!S88 -> 1.5 | G23: =Thuysan!T88 -> Nhóm Sulfonamides | J23: =Thuysan!W88 -> Ao 2
A24: =_xlfn.AGGREGATE(3,3,$C$6:C24) -> 19 | B24: =Thuysan!O89 -> Cá tra thương phẩm | C24: =Thuysan!P89 -> 83/0623/19 | F24: =Thuysan!S89 -> 1.5 | G24: =Thuysan!T89 -> Ormetoprim | J24: =Thuysan!W89 -> Ao 5
A25: =_xlfn.AGGREGATE(3,3,$C$6:C25) -> 20 | B25: =Thuysan!O90 -> Cá tra thương phẩm | C25: =Thuysan!P90 -> 83/0623/20 | E25: =Thuysan!R90 -> Công ty TNHH CBTPXK Vạn Đức Tiền Giang - Ấp Thiện Lương, Xã Tân Thiềng | F25: =Thuysan!S90 -> 1.5 | G25: =Thuysan!T90 -> Fosfomycin | J25: =Thuysan!W90 -> Ao 11

Sheet T5.QD
A1: PHỤ LỤC
A2: LẤY MẪU GIÁM SÁT DƯ LƯỢNG TỈNH BẾN TRE THÁNG 5/2023
A3: (Kèm theo Quyết định số …… /QĐ-QLCL ngày …… tháng …… năm 2023 của Chi cục Quản lý chất lượng Nông lâm sản và Thủy sản)
A5: TT | B5: Tên mẫu | C5: Mã số mẫu | D5: Mã số vùng nuôi | E5: Địa điểm lấy mẫu | F5: Khối lượng mẫu (kg) | G5: Chỉ tiêu phân tích | H5: Thời gian lấy mẫu | I5: Người lấy mẫu | J5: Ghi chú
A6: =_xlfn.AGGREGATE(3,3,$C$6:C6) -> 1 | B6: =Thuysan!O52 -> Tôm chân trắng thương phẩm | C6: =Thuysan!P52 -> 83/0424/10 | D6: =Thuysan!Q52 -> Thạnh Phú 83/03 | E6: =Thuysan!R52 -> Phạm Văn Triều - Ấp 4, Xã Thạnh Phong | F6: =Thuysan!S52 -> 1 | G6: =Thuysan!T52 -> Pb, Hg, Cd | H6: =Thuysan!U52 -> 10/04/2024 | I6: =Thuysan!V52 -> Cao Quang Nguyên | J6: =Thuysan!W52 -> Ao 2
A7: =_xlfn.AGGREGATE(3,3,$C$6:C7) -> 2 | B7: =Thuysan!O53 -> Cá tra thương phẩm | C7: =Thuysan!P53 -> 83/0424/11 | F7: =Thuysan!S53 -> 1.5 | G7: =Thuysan!T53 -> Pb, Hg, Cd | J7: =Thuysan!W53 -> Ao 4
A8: =_xlfn.AGGREGATE(3,3,$C$6:C8) -> 3 | B8: =Thuysan!O54 -> Cá tra thương phẩm | C8: =Thuysan!P54 -> 83/0424/12 | F8: =Thuysan!S54 -> 1.5 | G8: =Thuysan!T54 -> Thuốc trừ sâu gốc Chlor hữu cơ; phospho hữu cơ; cúc tổng hợp… | J8: =Thuysan!W54 -> Ao 3
A9: =_xlfn.AGGREGATE(3,3,$C$6:C9) -> 4 | B9: =Thuysan!O55 -> Cá tra thương phẩm | C9: =Thuysan!P55 -> 83/0424/13 | D9: =Thuysan!Q55 -> Châu Thành 83/05 | E9: =Thuysan!R55 -> Công ty CP XNK Thủy sản Bến Tre (DL 22) - Ấp Phú Tân, Xã Phú Túc | F9: =Thuysan!S55 -> 1.5 | G9: =Thuysan!T55 -> Trimethoprim | H9: =Thuysan!U55 -> 09/04/2024 | I9: =Thuysan!V55 -> Nguyễn Duy Khanh | J9: =Thuysan!W55 -> Ao A4
A10: =_xlfn.AGGREGATE(3,3,$C$6:C10) -> 5 | B10: =Thuysan!O56 -> Cá tra thương phẩm | C10: =Thuysan!P56 -> 83/0424/14 | E10: =Thuysan!R56 -> Công ty CP XNK Thủy sản Bến Tre (DL 22) - Ấp Phú Tân, Xã Phú Túc | F10: =Thuysan!S56 -> 1.5 | G10: =Thuysan!T56 -> Pb, Hg, Cd | J10: =Thuysan!W56 -> Ao B4
A11: =_xlfn.AGGREGATE(3,3,$C$6:C11) -> 6 | B11: =Thuysan!O57 -> Cá tra thương phẩm | C11: =Thuysan!P57 -> 83/0424/15 | E11: =Thuysan!R57 -> Công ty CP XNK Thủy sản Bến Tre (DL 22) - Ấp Phú Tân, Xã Phú Túc | F11: =Thuysan!S57 -> 1.5 | G11: =Thuysan!T57 -> Thuốc trừ sâu gốc Chlor hữu cơ; phospho hữu cơ; cúc tổng hợp… | J11: =Thuysan!W57 -> Ao B6
A12: =_xlfn.AGGREGATE(3,3,$C$6:C12) -> 7 | B12: =Thuysan!O58 -> Cá tra thương phẩm | C12: =Thuysan!P58 -> 83/0424/16 | E12: =Thuysan!R58 -> Không có mẫu - , | F12: =Thuysan!S58 -> 1.5 | G12: =Thuysan!T58 -> Nhóm Tetracyclines | J12: =Thuysan!W58
A13: =_xlfn.AGGREGATE(3,3,$C$6:C13) -> 8 | B13: =Thuysan!O59 -> Cá tra thương phẩm | C13: =Thuysan!P59 -> 83/0424/17 | F13: =Thuysan!S59 -> 1.5 | G13: =Thuysan!T59 -> Florfenicol | J13: =Thuysan!W59
A14: =_xlfn.AGGREGATE(3,3,$C$6:C14) -> 9 | B14: =Thuysan!O60 -> Cá tra thương phẩm | C14: =Thuysan!P60 -> 83/0424/18 | D14: =Thuysan!Q60 -> Giồng Trôm 83/06 | E14: =Thuysan!R60 -> Không có mẫu - , | F14: =Thuysan!S60 -> 1.5 | G14: =Thuysan!T60 -> Pb, Hg, Cd | H14: =Thuysan!U60 -> 0 | I14: =Thuysan!V60 -> - | J14: =Thuysan!W60
A15: =_xlfn.AGGREGATE(3,3,$C$6:C15) -> 10 | B15: =Thuysan!O61 -> Cá tra thương phẩm | C15: =Thuysan!P61 -> 83/0424/19 | F15: =Thuysan!S61 -> 1.5 | G15: =Thuysan!T61 -> Nhóm Nitroimidazoles | J15: =Thuysan!W61 -> Ao 1
A16: =_xlfn.AGGREGATE(3,3,$C$6:C16) -> 11 | B16: =Thuysan!O62 -> Cá tra thương phẩm | C16: =Thuysan!P62 -> 83/0424/20 | D16: =Thuysan!Q62 -> Chợ Lách 83/07 | E16: =Thuysan!R62 -> Công ty TNHH CBTPXK Vạn Đức Tiền Giang - Vùng nuôi Hòa Nghĩa, ấp Bình An, Xã Hòa Nghĩa | F16: =Thuysan!S62 -> 1.5 | G16: =Thuysan!T62 -> Ormetoprim | H16: =Thuysan!U62 -> 10/04/2024 | I16: =Thuysan!V62 -> Nguyễn Duy Khanh | J16: =Thuysan!W62 -> Ao 5
A17: =_xlfn.AGGREGATE(3,3,$C$6:C17) -> 12 | B17: =Thuysan!O63 -> Cá tra thương phẩm | C17: =Thuysan!P63 -> 83/0424/21 | D17: =Thuysan!Q63 -> Chợ Lách 83/07 | E17: =Thuysan!R63 -> Công ty TNHH CBTPXK Vạn Đức Tiền Giang - Vùng nuôi Cồn Sơn, ấp Thanh Yên, Xã Tân Thiềng | F17: =Thuysan!S63 -> 1.5 | G17: =Thuysan!T63 -> Nhóm Tetracyclines | H17: =Thuysan!U63 -> 10/04/2024 | I17: =Thuysan!V63 -> Nguyễn Duy Khanh | J17: =Thuysan!W63 -> Ao 1
A18: =_xlfn.AGGREGATE(3,3,$C$6:C18) -> 13 | B18: =Thuysan!O64 -> Cá tra thương phẩm | C18: =Thuysan!P64 -> 83/0424/22 | F18: =Thuysan!S64 -> 1.5 | G18: =Thuysan!T64 -> Pb, Hg, Cd | J18: =Thuysan!W64 -> Ao 4
A19: =_xlfn.AGGREGATE(3,3,$C$6:C19) -> 14 | B19: =Thuysan!O65 -> Cá tra thương phẩm | C19: =Thuysan!P65 -> 83/0424/23 | D19: =Thuysan!Q65 -> Chợ Lách 83/07 | E19: =Thuysan!R65 -> Công ty TNHH CBTPXK Vạn Đức Tiền Giang - Vùng nuôi Cồn Sơn, ấp Thanh Yên, Xã Tân Thiềng | F19: =Thuysan!S65 -> 1.5 | G19: =Thuysan!T65 -> Thuốc trừ sâu gốc Chlor hữu cơ; phospho hữu cơ; cúc tổng hợp… | H19: =Thuysan!U65 -> 10/04/2024 | I19: =Thuysan!V65 -> Nguyễn Duy Khanh | J19: =Thuysan!W65 -> Ao 7
A20: =_xlfn.AGGREGATE(3,3,$C$6:C20) -> 15 | B20: =Thuysan!O66 -> Cá tra thương phẩm | C20: =Thuysan!P66 -> 83/0523/15 | F20: =Thuysan!S66 -> 1.5 | G20: =Thuysan!T66 -> Nhóm Sulfonamides | J20: =Thuysan!W66 -> Ao D4
A21: =_xlfn.AGGREGATE(3,3,$C$6:C21) -> 16 | B21: =Thuysan!O67 -> Cá tra thương phẩm | C21: =Thuysan!P67 -> 83/0523/16 | D21: =Thuysan!Q67 -> Chợ Lách 83/07 | E21: =Thuysan!R67 -> Công ty CP Vĩnh Hoàn - Ấp Phú Bình, Xã Vĩnh Bình | F21: =Thuysan!S67 -> 1.5 | G21: =Thuysan!T67 -> Nhóm Sulfonamides | H21: =Thuysan!U67 -> 24/05/2023 | I21: =Thuysan!V67 -> Phạm Văn Lâm | J21: =Thuysan!W67 -> Ao 9
A22: =_xlfn.AGGREGATE(3,3,$C$6:C22) -> 17 | B22: =Thuysan!O68 -> Cá tra thương phẩm | C22: =Thuysan!P68 -> 83/0523/17 | F22: =Thuysan!S68 -> 1.5 | G22: =Thuysan!T68 -> Nhóm Quinolones | J22: =Thuysan!W68 -> Ao 7
A23: =_xlfn.AGGREGATE(3,3,$C$6:C23) -> 18 | B23: =Thuysan!O69 -> Cá tra thương phẩm | C23: =Thuysan!P69 -> 83/0523/18 | F23: =Thuysan!S69 -> 1.5 | G23: =Thuysan!T69 -> Florfenicol | J23: =Thuysan!W69 -> Ao 8
A24: =_xlfn.AGGREGATE(3,3,$C$6:C24) -> 19 | B24: =Thuysan!O70 -> Cá tra thương phẩm | C24: =Thuysan!P70 -> 83/0523/19 | F24: =Thuysan!S70 -> 1.5 | G24: =Thuysan!T70 -> Trimethoprim | J24: =Thuysan!W70 -> Ao 19

Sheet T4.QD
A1: PHỤ LỤC
A2: LẤY MẪU GIÁM SÁT DƯ LƯỢNG TỈNH BẾN TRE THÁNG 4/2024
A3: (Kèm theo Quyết định số …… /QĐ-QLCL ngày …… tháng …… năm 2024 của Chi cục Quản lý chất lượng Nông lâm sản và Thủy sản)
A5: TT | B5: Tên mẫu | C5: Mã số mẫu | D5: Mã số vùng nuôi | E5: Địa điểm lấy mẫu | F5: Khối lượng mẫu (kg) | G5: Chỉ tiêu phân tích | H5: Thời gian lấy mẫu | I5: Người lấy mẫu | J5: Ghi chú
A6: =_xlfn.AGGREGATE(3,3,$C$6:C6) -> 1 | B6: =Thuysan!O43 -> Tôm sú thương phẩm | C6: =Thuysan!P43 -> 83/0424/01 | D6: =Thuysan!Q43 -> Ba Tri 83/01 | E6: =Thuysan!R43 -> Nguyễn Văn Út - Ấp 7, Thị Trấn Tiệm Tôm | F6: =Thuysan!S43 -> 1 | G6: =Thuysan!T43 -> Nitrofurans | H6: =Thuysan!U43 -> 09/04/2024 | I6: =Thuysan!V43 -> Phạm Minh Thuận | J6: =Thuysan!W43 -> Ao 1
A7: =_xlfn.AGGREGATE(3,3,$C$6:C7) -> 2 | B7: =Thuysan!O44 -> Tôm chân trắng nhỏ | C7: =Thuysan!P44 -> 83/0424/02 | E7: =Thuysan!R44 -> Phạm Văn Tư - Ấp 8, Thị Trấn Tiệm Tôm | F7: =Thuysan!S44 -> 0.5 | G7: =Thuysan!T44 -> Nitrofurans | J7: =Thuysan!W44 -> Ao 2
A8: =_xlfn.AGGREGATE(3,3,$C$6:C8) -> 3 | B8: =Thuysan!O45 -> Cá chẽm thương phẩm | C8: =Thuysan!P45 -> 83/0424/03 | E8: =Thuysan!R45 -> Công ty TNHH Thực Phẩm Vạn Đức - Ấp 6, Xã Bảo Thạnh | F8: =Thuysan!S45 -> 0 | G8: =Thuysan!T45 -> Crystal Violet, Leuco Crystal Violet | J8: =Thuysan!W45 -> Ao A10
A9: =_xlfn.AGGREGATE(3,3,$C$6:C9) -> 4 | B9: =Thuysan!O46 -> Tôm sú thương phẩm | C9: =Thuysan!P46 -> 83/0424/04 | D9: =Thuysan!Q46 -> Bình Đại 83/02 | E9: =Thuysan!R46 -> Nguyễn Văn Mười - Ấp Bình Thạnh 3, Xã Thạnh Trị | F9: =Thuysan!S46 -> 1 | G9: =Thuysan!T46 -> Malachite Green, Leuco Malachite Green | H9: =Thuysan!U46 -> 09/04/2024 | I9: =Thuysan!V46 -> Cao Quang Nguyên | J9: =Thuysan!W46 -> Ao 1
A10: =_xlfn.AGGREGATE(3,3,$C$6:C10) -> 5 | B10: =Thuysan!O47 -> Tôm chân trắng thương phẩm | C10: =Thuysan!P47 -> 83/0424/05 | F10: =Thuysan!S47 -> 1 | G10: =Thuysan!T47 -> Ormetoprim | J10: =Thuysan!W47 -> Ao 2
A11: =_xlfn.AGGREGATE(3,3,$C$6:C11) -> 6 | B11: =Thuysan!O48 -> Cá tra thương phẩm | C11: =Thuysan!P48 -> 83/0424/06 | E11: =Thuysan!R48 -> Công ty CP Gò Đàng - Ấp Hưng Thạnh, Xã Châu Hưng | F11: =Thuysan!S48 -> 1.5 | G11: =Thuysan!T48 -> Malachite Green, Leuco Malachite Green | J11: =Thuysan!W48 -> Ao 1
A12: =_xlfn.AGGREGATE(3,3,$C$6:C12) -> 7 | B12: =Thuysan!O49 -> Cá tra thương phẩm | C12: =Thuysan!P49 -> 83/0424/07 | F12: =Thuysan!S49 -> 1.5 | G12: =Thuysan!T49 -> Pb, Hg, Cd | J12: =Thuysan!W49 -> Ao 3
A13: =_xlfn.AGGREGATE(3,3,$C$6:C13) -> 8 | B13: =Thuysan!O50 -> Cá tra thương phẩm | C13: =Thuysan!P50 -> 83/0424/08 | E13: =Thuysan!R50 -> Công ty CP Thủy sản Vinh Quang - Ấp Hưng Nhơn, Xã Châu Hưng | F13: =Thuysan!S50 -> 1.5 | G13: =Thuysan!T50 -> Thuốc trừ sâu gốc Chlor hữu cơ; phospho hữu cơ; cúc tổng hợp… | J13: =Thuysan!W50 -> Ao 3
A14: =_xlfn.AGGREGATE(3,3,$C$6:C14) -> 9 | B14: =Thuysan!O51 -> Tôm sú thương phẩm | C14: =Thuysan!P51 -> 83/0424/09 | D14: =Thuysan!Q51 -> Thạnh Phú 83/03 | E14: =Thuysan!R51 -> Phạm Văn Triều - Ấp 4, Xã Thạnh Phong | F14: =Thuysan!S51 -> 1 | G14: =Thuysan!T51 -> Ivermectin | H14: =Thuysan!U51 -> 10/04/2024 | I14: =Thuysan!V51 -> Cao Quang Nguyên | J14: =Thuysan!W51 -> Ao 1
A15: =_xlfn.AGGREGATE(3,3,$C$6:C15) -> 10 | B15: =Thuysan!O52 -> Tôm chân trắng thương phẩm | C15: =Thuysan!P52 -> 83/0424/10 | F15: =Thuysan!S52 -> 1 | G15: =Thuysan!T52 -> Pb, Hg, Cd | J15: =Thuysan!W52 -> Ao 2
A16: =_xlfn.AGGREGATE(3,3,$C$6:C16) -> 11 | B16: =Thuysan!O53 -> Cá tra thương phẩm | C16: =Thuysan!P53 -> 83/0424/11 | D16: =Thuysan!Q53 -> Mỏ Cày 83/04 | E16: =Thuysan!R53 -> Công ty CP Gò Đàng - Ấp Tân Phong, Xã Thành Thới A | F16: =Thuysan!S53 -> 1.5 | G16: =Thuysan!T53 -> Pb, Hg, Cd | H16: =Thuysan!U53 -> 10/04/2024 | I16: =Thuysan!V53 -> Phạm Minh Thuận | J16: =Thuysan!W53 -> Ao 4
A17: =_xlfn.AGGREGATE(3,3,$C$6:C17) -> 12 | B17: =Thuysan!O54 -> Cá tra thương phẩm | C17: =Thuysan!P54 -> 83/0424/12 | F17: =Thuysan!S54 -> 1.5 | G17: =Thuysan!T54 -> Thuốc trừ sâu gốc Chlor hữu cơ; phospho hữu cơ; cúc tổng hợp… | J17: =Thuysan!W54 -> Ao 3
A18: =_xlfn.AGGREGATE(3,3,$C$6:C18) -> 13 | B18: =Thuysan!O55 -> Cá tra thương phẩm | C18: =Thuysan!P55 -> 83/0424/13 | D18: =Thuysan!Q55 -> Châu Thành 83/05 | E18: =Thuysan!R55 -> Công ty CP XNK Thủy sản Bến Tre (DL 22) - Ấp Phú Tân, Xã Phú Túc | F18: =Thuysan!S55 -> 1.5 | G18: =Thuysan!T55 -> Trimethoprim | H18: =Thuysan!U55 -> 09/04/2024 | I18: =Thuysan!V55 -> Nguyễn Duy Khanh | J18: =Thuysan!W55 -> Ao A4
A19: =_xlfn.AGGREGATE(3,3,$C$6:C19) -> 14 | B19: =Thuysan!O56 -> Cá tra thương phẩm | C19: =Thuysan!P56 -> 83/0424/14 | F19: =Thuysan!S56 -> 1.5 | G19: =Thuysan!T56 -> Pb, Hg, Cd | J19: =Thuysan!W56 -> Ao B4
A20: =_xlfn.AGGREGATE(3,3,$C$6:C20) -> 15 | B20: =Thuysan!O57 -> Cá tra thương phẩm | C20: =Thuysan!P57 -> 83/0424/15 | F20: =Thuysan!S57 -> 1.5 | G20: =Thuysan!T57 -> Thuốc trừ sâu gốc Chlor hữu cơ; phospho hữu cơ; cúc tổng hợp… | J20: =Thuysan!W57 -> Ao B6
A21: =_xlfn.AGGREGATE(3,3,$C$6:C21) -> 16 | B21: =Thuysan!O58 -> Cá tra thương phẩm | C21: =Thuysan!P58 -> 83/0424/16 | D21: =Thuysan!Q58 -> Giồng Trôm 83/06 | E21: =Thuysan!R58 -> Không có mẫu - , | F21: =Thuysan!S58 -> 1.5 | G21: =Thuysan!T58 -> Nhóm Tetracyclines | I21: =Thuysan!V58 -> - | J21: =Thuysan!W58
A22: =_xlfn.AGGREGATE(3,3,$C$6:C22) -> 17 | B22: =Thuysan!O59 -> Cá tra thương phẩm | C22: =Thuysan!P59 -> 83/0424/17 | F22: =Thuysan!S59 -> 1.5 | G22: =Thuysan!T59 -> Florfenicol | J22: =Thuysan!W59
A23: =_xlfn.AGGREGATE(3,3,$C$6:C23) -> 18 | B23: =Thuysan!O60 -> Cá tra thương phẩm | C23: =Thuysan!P60 -> 83/0424/18 | F23: =Thuysan!S60 -> 1.5 | G23: =Thuysan!T60 -> Pb, Hg, Cd | J23: =Thuysan!W60
A24: =_xlfn.AGGREGATE(3,3,$C$6:C24) -> 19 | B24: =Thuysan!O61 -> Cá tra thương phẩm | C24: =Thuysan!P61 -> 83/0424/19 | D24: =Thuysan!Q61 -> Chợ Lách 83/07 | E24: =Thuysan!R61 -> Công ty TNHH CBTPXK Vạn Đức Tiền Giang - Vùng nuôi Hòa Nghĩa, ấp Bình An, Xã Hòa Nghĩa | F24: =Thuysan!S61 -> 1.5 | G24: =Thuysan!T61 -> Nhóm Nitroimidazoles | H24: =Thuysan!U61 -> 10/04/2024 | I24: =Thuysan!V61 -> Nguyễn Duy Khanh | J24: =Thuysan!W61 -> Ao 1
A25: =_xlfn.AGGREGATE(3,3,$C$6:C25) -> 20 | B25: =Thuysan!O62 -> Cá tra thương phẩm | C25: =Thuysan!P62 -> 83/0424/20 | F25: =Thuysan!S62 -> 1.5 | G25: =Thuysan!T62 -> Ormetoprim | J25: =Thuysan!W62 -> Ao 5
A26: =_xlfn.AGGREGATE(3,3,$C$6:C26) -> 21 | B26: =Thuysan!O63 -> Cá tra thương phẩm | C26: =Thuysan!P63 -> 83/0424/21 | E26: =Thuysan!R63 -> Công ty TNHH CBTPXK Vạn Đức Tiền Giang - Vùng nuôi Cồn Sơn, ấp Thanh Yên, Xã Tân Thiềng | F26: =Thuysan!S63 -> 1.5 | G26: =Thuysan!T63 -> Nhóm Tetracyclines | J26: =Thuysan!W63 -> Ao 1
A27: =_xlfn.AGGREGATE(3,3,$C$6:C27) -> 22 | B27: =Thuysan!O64 -> Cá tra thương phẩm | C27: =Thuysan!P64 -> 83/0424/22 | F27: =Thuysan!S64 -> 1.5 | G27: =Thuysan!T64 -> Pb, Hg, Cd | J27: =Thuysan!W64 -> Ao 4
A28: =_xlfn.AGGREGATE(3,3,$C$6:C28) -> 23 | B28: =Thuysan!O65 -> Cá tra thương phẩm | C28: =Thuysan!P65 -> 83/0424/23 | F28: =Thuysan!S65 -> 1.5 | G28: =Thuysan!T65 -> Thuốc trừ sâu gốc Chlor hữu cơ; phospho hữu cơ; cúc tổng hợp… | J28: =Thuysan!W65 -> Ao 7

Sheet T3.QD
A1: PHỤ LỤC
A2: LẤY MẪU GIÁM SÁT DƯ LƯỢNG TỈNH BẾN TRE THÁNG 4/2024
A3: (Kèm theo Quyết định số …… /QĐ-QLCL ngày …… tháng …… năm 2024 của Chi cục Quản lý chất lượng Nông lâm sản và Thủy sản)
A5: TT | B5: Tên mẫu | C5: Mã số mẫu | D5: Mã số vùng nuôi | E5: Địa điểm lấy mẫu | F5: Khối lượng mẫu (kg) | G5: Chỉ tiêu phân tích | H5: Thời gian lấy mẫu | I5: Người lấy mẫu | J5: Ghi chú
A6: =_xlfn.AGGREGATE(3,3,$C$6:C6) -> 1 | B6: =Thuysan!O21 -> Tôm chân trắng nhỏ | C6: =Thuysan!P21 -> 83/0324/01 | D6: =Thuysan!Q21 -> Ba Tri 83/01 | E6: =Thuysan!R21 -> Nguyễn Văn Bi - Ấp 7, Thị Trấn Tiệm Tôm | F6: =Thuysan!S21 -> 0.5 | G6: =Thuysan!T21 -> Chloramphenicol | H6: =Thuysan!U21 -> 18/03/2024 | I6: =Thuysan!V21 -> Phạm Minh Thuận | J6: =Thuysan!W21 -> Ao 1
A7: =_xlfn.AGGREGATE(3,3,$C$6:C7) -> 2 | B7: =Thuysan!O22 -> Cá tra thương phẩm | C7: =Thuysan!P22 -> 83/0324/02 | E7: =Thuysan!R22 -> Công ty CP Gò Đàng - Ấp 4, Xã Tân Xuân | F7: =Thuysan!S22 -> 1.5 | G7: =Thuysan!T22 -> Trifluralin | J7: =Thuysan!W22 -> Ao 4
A8: =_xlfn.AGGREGATE(3,3,$C$6:C8) -> 3 | B8: =Thuysan!O23 -> Tôm sú thương phẩm | C8: =Thuysan!P23 -> 83/0324/03 | D8: =Thuysan!Q23 -> Bình Đại 83/02 | E8: =Thuysan!R23 -> Trần Thanh Hải - Ấp 1 , Xã Thạnh Phước | F8: =Thuysan!S23 -> 1 | G8: =Thuysan!T23 -> Nhóm Tetracyclines | H8: =Thuysan!U23 -> 18/03/2024 | I8: =Thuysan!V23 -> Cao Quang Nguyên | J8: =Thuysan!W23 -> Ao 1
A9: =_xlfn.AGGREGATE(3,3,$C$6:C9) -> 4 | B9: =Thuysan!O24 -> Tôm chân trắng thương phẩm | C9: =Thuysan!P24 -> 83/0324/04 | F9: =Thuysan!S24 -> 1 | G9: =Thuysan!T24 -> Chloramphenicol | J9: =Thuysan!W24 -> Ao 2
A10: =_xlfn.AGGREGATE(3,3,$C$6:C10) -> 5 | B10: =Thuysan!O25 -> Cá tra thương phẩm | C10: =Thuysan!P25 -> 83/0324/05 | E10: =Thuysan!R25 -> Công ty CP Gò Đàng - Khu A Lộc Thuận, ấp Lộc Sơn, Xã Lộc Thuận | F10: =Thuysan!S25 -> 1.5 | G10: =Thuysan!T25 -> Fosfomycin | J10: =Thuysan!W25 -> Ao 1
A11: =_xlfn.AGGREGATE(3,3,$C$6:C11) -> 6 | B11: =Thuysan!O26 -> Cá tra thương phẩm | C11: =Thuysan!P26 -> 83/0324/06 | F11: =Thuysan!S26 -> 1.5 | G11: =Thuysan!T26 -> Azadirachtin | J11: =Thuysan!W26 -> Ao 3
A12: =_xlfn.AGGREGATE(3,3,$C$6:C12) -> 7 | B12: =Thuysan!O27 -> Cá chẽm nhỏ | C12: =Thuysan!P27 -> 83/0324/07 | E12: =Thuysan!R27 -> Công ty TNHH Thực Phẩm Vạn Đức - Ấp 7, Xã Thạnh Phước | F12: =Thuysan!S27 -> 0 | G12: =Thuysan!T27 -> Chloramphenicol | J12: =Thuysan!W27 -> Ao B10
A13: =_xlfn.AGGREGATE(3,3,$C$6:C13) -> 8 | B13: =Thuysan!O28 -> Cá chẽm thương phẩm | C13: =Thuysan!P28 -> 83/0324/08 | F13: =Thuysan!S28 -> 0 | G13: =Thuysan!T28 -> Nitrofurans | J13: =Thuysan!W28 -> Ao A20
A14: =_xlfn.AGGREGATE(3,3,$C$6:C14) -> 9 | B14: =Thuysan!O29 -> Tôm chân trắng thương phẩm | C14: =Thuysan!P29 -> 83/0324/09 | D14: =Thuysan!Q29 -> Thạnh Phú 83/03 | E14: =Thuysan!R29 -> Phạm Văn Cưng - , Xã An Thuận | F14: =Thuysan!S29 -> 1 | G14: =Thuysan!T29 -> Nitrofurans | H14: =Thuysan!U29 -> 19/03/2024 | I14: =Thuysan!V29 -> Cao Quang Nguyên | J14: =Thuysan!W29 -> Ao 1
A15: =_xlfn.AGGREGATE(3,3,$C$6:C15) -> 10 | B15: =Thuysan!O30 -> Cá tra nhỏ | C15: =Thuysan!P30 -> 83/0324/10 | D15: =Thuysan!Q30 -> Mỏ Cày 83/04 | E15: =Thuysan!R30 -> Công ty CP Gò Đàng - Ấp Thành Long, Xã Thành Thới A | F15: =Thuysan!S30 -> 1 | G15: =Thuysan!T30 -> Chloramphenicol | H15: =Thuysan!U30 -> 19/03/2024 | I15: =Thuysan!V30 -> Phạm Minh Thuận | J15: =Thuysan!W30 -> Ao 1
A16: =_xlfn.AGGREGATE(3,3,$C$6:C16) -> 11 | B16: =Thuysan!O31 -> Cá tra nhỏ | C16: =Thuysan!P31 -> 83/0324/11 | F16: =Thuysan!S31 -> 1 | G16: =Thuysan!T31 -> Nitrofurans | J16: =Thuysan!W31 -> Ao 3
A17: =_xlfn.AGGREGATE(3,3,$C$6:C17) -> 12 | B17: =Thuysan!O32 -> Cá tra thương phẩm | C17: =Thuysan!P32 -> 83/0324/12 | D17: =Thuysan!Q32 -> Châu Thành 83/05 | E17: =Thuysan!R32 -> Trại nuôi cá tra Thành Hưng - Ấp Phú Tân, Xã Phú Túc | F17: =Thuysan!S32 -> 1.5 | G17: =Thuysan!T32 -> Chloramphenicol | H17: =Thuysan!U32 -> 18/03/2024 | I17: =Thuysan!V32 -> Nguyễn Duy Khanh | J17: =Thuysan!W32 -> Ao 1
A18: =_xlfn.AGGREGATE(3,3,$C$6:C18) -> 13 | B18: =Thuysan!O33 -> Cá tra thương phẩm | C18: =Thuysan!P33 -> 83/0324/13 | F18: =Thuysan!S33 -> 1.5 | G18: =Thuysan!T33 -> Nitrofurans | J18: =Thuysan!W33 -> Ao 6
A19: =_xlfn.AGGREGATE(3,3,$C$6:C19) -> 14 | B19: =Thuysan!O34 -> Cá tra thương phẩm | C19: =Thuysan!P34 -> 83/0324/14 | F19: =Thuysan!S34 -> 1.5 | G19: =Thuysan!T34 -> Ormetoprim | J19: =Thuysan!W34 -> Ao 8
A20: =_xlfn.AGGREGATE(3,3,$C$6:C20) -> 15 | B20: =Thuysan!O35 -> Cá tra thương phẩm | C20: =Thuysan!P35 -> 83/0324/15 | D20: =Thuysan!Q35 -> Giồng Trôm 83/06 | E20: =Thuysan!R35 -> Công ty CP Gò Đàng - Ấp 1, Xã Hưng Phong | F20: =Thuysan!S35 -> 1.5 | G20: =Thuysan!T35 -> Nhóm Nitroimidazoles | H20: =Thuysan!U35 -> 20/03/2024 | I20: =Thuysan!V35 -> Phạm Minh Thuận | J20: =Thuysan!W35 -> Ao 5
A21: =_xlfn.AGGREGATE(3,3,$C$6:C21) -> 16 | B21: =Thuysan!O36 -> Cá tra thương phẩm | C21: =Thuysan!P36 -> 83/0324/16 | F21: =Thuysan!S36 -> 1.5 | G21: =Thuysan!T36 -> Pb, Hg, Cd | J21: =Thuysan!W36 -> Ao 3
A22: 17 | B22: =Thuysan!O37 -> Cá tra thương phẩm | C22: =Thuysan!P37 -> 83/0324/17 | F22: =Thuysan!S37 -> 1.5 | G22: =Thuysan!T37 -> Thuốc trừ sâu gốc Chlor hữu cơ; phospho hữu cơ; cúc tổng hợp… | J22: =Thuysan!W37 -> Ao 2
A23: 18 | B23: =Thuysan!O38 -> Cá tra thương phẩm | C23: =Thuysan!P38 -> 83/0324/18 | D23: =Thuysan!Q38 -> Chợ Lách 83/07 | E23: =Thuysan!R38 -> Công ty CP Thủy sản Vinh Quang - Ấp Quân Bình, Xã Tân Thiềng | F23: =Thuysan!S38 -> 1.5 | G23: =Thuysan!T38 -> Malachite Green, Leuco Malachite Green | H23: =Thuysan!U38 -> 19/03/2024 | I23: =Thuysan!V38 -> Nguyễn Duy Khanh | J23: =Thuysan!W38 -> Ao 1B
A24: 19 | B24: =Thuysan!O39 -> Cá tra thương phẩm | C24: =Thuysan!P39 -> 83/0324/19 | F24: =Thuysan!S39 -> 1.5 | G24: =Thuysan!T39 -> Ivermectin | J24: =Thuysan!W39 -> Ao 3B
A25: 20 | B25: =Thuysan!O40 -> Cá tra thương phẩm | C25: =Thuysan!P40 -> 83/0324/20 | F25: =Thuysan!S40 -> 1.5 | G25: =Thuysan!T40 -> Avermectin B1a (Abarmectin B1a) | J25: =Thuysan!W40 -> Ao 1
A26: 21 | B26: =Thuysan!O41 -> Cá tra thương phẩm | C26: =Thuysan!P41 -> 83/0324/21 | F26: =Thuysan!S41 -> 1.5 | G26: =Thuysan!T41 -> Praziquantel | J26: =Thuysan!W41 -> Ao 3
A27: 22 | B27: =Thuysan!O42 -> Cá tra thương phẩm | C27: =Thuysan!P42 -> 83/0324/22 | F27: =Thuysan!S42 -> 1.5 | G27: =Thuysan!T42 -> Trichlorfon (Dipterex) | J27: =Thuysan!W42 -> Ao 4

Sheet T2.QD 
A1: PHỤ LỤC
A2: LẤY MẪU GIÁM SÁT DƯ LƯỢNG TỈNH BẾN TRE THÁNG 2/2024
A3: (Kèm theo Quyết định số …… /QĐ-QLCL ngày …… tháng …… năm 2024 của Chi cục Quản lý chất lượng Nông lâm sản và Thủy sản)
A5: TT | B5: Tên mẫu | C5: Mã số mẫu | D5: Mã số vùng nuôi | E5: Địa điểm lấy mẫu | F5: Khối lượng mẫu (kg) | G5: Chỉ tiêu phân tích | H5: Thời gian lấy mẫu | I5: Người lấy mẫu | J5: Ghi chú
A6: =_xlfn.AGGREGATE(3,3,$C$6:C6) -> 1 | B6: =Thuysan!O4 -> Cá tra thương phẩm | C6: =Thuysan!P4 -> 83/0224/01 | D6: =Thuysan!Q4 -> Ba Tri 83/01 | E6: =Thuysan!R4 -> Công ty CP Gò Đàng - Ấp 4, Xã Tân Xuân | F6: =Thuysan!S4 -> 1.5 | G6: =Thuysan!T4 -> Crystal Violet, Leuco Crystal Violet | H6: =Thuysan!U4 -> 27/02/2024 | I6: =Thuysan!V4 -> Phạm Minh Thuận | J6: =Thuysan!W4 -> Ao A2
A7: =_xlfn.AGGREGATE(3,3,$C$6:C7) -> 2 | B7: =Thuysan!O5 -> Cá chẽm nhỏ | C7: =Thuysan!P5 -> 83/0224/02 | E7: =Thuysan!R5 -> Công ty TNHH Thực Phẩm Vạn Đức - Ấp 6, Xã Bảo Thạnh | F7: =Thuysan!S5 -> 1 | G7: =Thuysan!T5 -> Methyltestosterone | J7: =Thuysan!W5 -> Ao B10
A8: =_xlfn.AGGREGATE(3,3,$C$6:C8) -> 3 | B8: =Thuysan!O6 -> Cá chẽm thương phẩm | C8: =Thuysan!P6 -> 83/0224/03 | F8: =Thuysan!S6 -> 1.5 | G8: =Thuysan!T6 -> Pb, Hg, Cd | J8: =Thuysan!W6 -> Ao 6
A9: =_xlfn.AGGREGATE(3,3,$C$6:C9) -> 4 | B9: =Thuysan!O7 -> Tôm chân trắng nhỏ | C9: =Thuysan!P7 -> 83/0224/04 | D9: =Thuysan!Q7 -> Bình Đại 83/02 | E9: =Thuysan!R7 -> Cao Văn Dước - Ấp 3, Xã Phú Vang | F9: =Thuysan!S7 -> 0.5 | G9: =Thuysan!T7 -> Nhóm Nitroimidazoles | H9: =Thuysan!U7 -> 27/02/2024 | I9: =Thuysan!V7 -> Cao Quang Nguyên | J9: =Thuysan!W7 -> Ao 1
A10: =_xlfn.AGGREGATE(3,3,$C$6:C10) -> 5 | B10: =Thuysan!O8 -> Cá tra nhỏ | C10: =Thuysan!P8 -> 83/0224/05 | E10: =Thuysan!R8 -> Công ty CP Thủy sản Vinh Quang - Ấp Hưng Thạnh, Xã Châu Hưng | F10: =Thuysan!S8 -> 1 | G10: =Thuysan!T8 -> Methyltestosterone | J10: =Thuysan!W8 -> Ao 1
A11: =_xlfn.AGGREGATE(3,3,$C$6:C11) -> 6 | B11: =Thuysan!O9 -> Tôm chân trắng nhỏ | C11: =Thuysan!P9 -> 83/0224/06 | D11: =Thuysan!Q9 -> Thạnh Phú 83/03 | E11: =Thuysan!R9 -> Cao Văn Tùng - Ấp An Hòa, Xã An Nhơn | F11: =Thuysan!S9 -> 0.5 | G11: =Thuysan!T9 -> Chloramphenicol | H11: =Thuysan!U9 -> 28/02/2024 | I11: =Thuysan!V9 -> Cao Quang Nguyên | J11: =Thuysan!W9 -> Ao 1
A12: =_xlfn.AGGREGATE(3,3,$C$6:C12) -> 7 | B12: =Thuysan!O10 -> Cá tra nhỏ | C12: =Thuysan!P10 -> 83/0224/07 | D12: =Thuysan!Q10 -> Châu Thành 83/05 | E12: =Thuysan!R10 -> Công ty CP Gò Đàng - Ấp Phú Luông, Xã Tân Phú | F12: =Thuysan!S10 -> 1 | G12: =Thuysan!T10 -> Methyltestosterone | H12: =Thuysan!U10 -> 27/02/2024 | I12: =Thuysan!V10 -> Nguyễn Duy Khanh | J12: =Thuysan!W10 -> Ao 3
A13: =_xlfn.AGGREGATE(3,3,$C$6:C13) -> 8 | B13: =Thuysan!O11 -> Cá tra nhỏ | C13: =Thuysan!P11 -> 83/0224/08 | F13: =Thuysan!S11 -> 1 | G13: =Thuysan!T11 -> Nhóm Nitroimidazoles | J13: =Thuysan!W11 -> Ao 4
A14: =_xlfn.AGGREGATE(3,3,$C$6:C14) -> 9 | B14: =Thuysan!O12 -> Cá tra nhỏ | C14: =Thuysan!P12 -> 83/0224/09 | F14: =Thuysan!S12 -> 1 | G14: =Thuysan!T12 -> Pb, Hg, Cd | J14: =Thuysan!W12 -> Ao 5
A15: =_xlfn.AGGREGATE(3,3,$C$6:C15) -> 10 | B15: =Thuysan!O13 -> Cá tra nhỏ | C15: =Thuysan!P13 -> 83/0224/10 | D15: =Thuysan!Q13 -> Giồng Trôm 83/06 | E15: =Thuysan!R13 -> Công ty CP Gò Đàng - Ấp 1, Xã Sơn Phú | F15: =Thuysan!S13 -> 1 | G15: =Thuysan!T13 -> Methyltestosterone | H15: =Thuysan!U13 -> 28/02/2024 | I15: =Thuysan!V13 -> Phạm Minh Thuận | J15: =Thuysan!W13 -> Ao 2
A16: =_xlfn.AGGREGATE(3,3,$C$6:C16) -> 11 | B16: =Thuysan!O14 -> Cá tra thương phẩm | C16: =Thuysan!P14 -> 83/0224/11 | F16: =Thuysan!S14 -> 1.5 | G16: =Thuysan!T14 -> Chloramphenicol | J16: =Thuysan!W14 -> Ao 3
A17: =_xlfn.AGGREGATE(3,3,$C$6:C17) -> 12 | B17: =Thuysan!O15 -> Cá tra thương phẩm | C17: =Thuysan!P15 -> 83/0224/12 | F17: =Thuysan!S15 -> 1.5 | G17: =Thuysan!T15 -> Nitrofurans | J17: =Thuysan!W15 -> Ao 5
A18: =_xlfn.AGGREGATE(3,3,$C$6:C18) -> 13 | B18: =Thuysan!O16 -> Cá tra thương phẩm | C18: =Thuysan!P16 -> 83/0224/13 | F18: =Thuysan!S16 -> 1.5 | G18: =Thuysan!T16 -> Nhóm Nitroimidazoles | J18: =Thuysan!W16 -> Ao 6
A19: =_xlfn.AGGREGATE(3,3,$C$6:C19) -> 14 | B19: =Thuysan!O17 -> Cá tra nhỏ | C19: =Thuysan!P17 -> 83/0224/14 | D19: =Thuysan!Q17 -> Chợ Lách 83/07 | E19: =Thuysan!R17 -> Công ty TNHH CBTPXK Vạn Đức Tiền Giang - Ấp Phú Bình, Xã Vĩnh Bình | F19: =Thuysan!S17 -> 1 | G19: =Thuysan!T17 -> Methyltestosterone | H19: =Thuysan!U17 -> 28/02/2024 | I19: =Thuysan!V17 -> Nguyễn Duy Khanh | J19: =Thuysan!W17 -> Ao 23
A20: =_xlfn.AGGREGATE(3,3,$C$6:C20) -> 15 | B20: =Thuysan!O18 -> Cá tra thương phẩm | C20: =Thuysan!P18 -> 83/0224/15 | F20: =Thuysan!S18 -> 1.5 | G20: =Thuysan!T18 -> Nhóm Nitroimidazoles | J20: =Thuysan!W18 -> Ao 8
A21: =_xlfn.AGGREGATE(3,3,$C$6:C21) -> 16 | B21: =Thuysan!O19 -> Cá tra thương phẩm | C21: =Thuysan!P19 -> 83/0224/16 | F21: =Thuysan!S19 -> 1.5 | G21: =Thuysan!T19 -> Albendazole | J21: =Thuysan!W19 -> Ao 11
A22: =_xlfn.AGGREGATE(3,3,$C$6:C22) -> 17 | B22: =Thuysan!O20 -> Cá tra thương phẩm | C22: =Thuysan!P20 -> 83/0224/17 | F22: =Thuysan!S20 -> 1.5 | G22: =Thuysan!T20 -> Perfluoroalkyl | J22: =Thuysan!W20 -> Ao 3

Sheet T8.QD
A1: PHỤ LỤC
A2: LẤY MẪU GIÁM SÁT DƯ LƯỢNG TỈNH BẾN TRE THÁNG 8/2022
A3: (Kèm theo Quyết định số …… /QĐ-QLCL ngày …… tháng …… năm 2022 của Chi cục Quản lý chất lượng Nông lâm sản và Thủy sản)
A5: TT | B5: Tên mẫu | C5: Mã số mẫu | D5: Mã số vùng nuôi | E5: Địa điểm lấy mẫu | F5: Khối lượng mẫu (kg) | G5: Chỉ tiêu phân tích | H5: Thời gian lấy mẫu | I5: Người lấy mẫu | J5: Ghi chú
A6: =_xlfn.AGGREGATE(3,3,$C$6:C6) -> 0 | B6: =Thuysan!#REF! -> #REF! | C6: =Thuysan!#REF! -> #REF! | D6: =Thuysan!#REF! -> #REF! | E6: =Thuysan!#REF! -> #REF! | F6: =Thuysan!#REF! -> #REF! | G6: =Thuysan!#REF! -> #REF! | H6: =Thuysan!#REF! -> #REF! | I6: =Thuysan!#REF! -> #REF!
A7: =_xlfn.AGGREGATE(3,3,$C$6:C7) -> 0 | B7: =Thuysan!#REF! -> #REF! | C7: =Thuysan!#REF! -> #REF! | F7: =Thuysan!#REF! -> #REF! | G7: =Thuysan!#REF! -> #REF!
A8: =_xlfn.AGGREGATE(3,3,$C$6:C8) -> 0 | B8: =Thuysan!#REF! -> #REF! | C8: =Thuysan!#REF! -> #REF! | F8: =Thuysan!#REF! -> #REF! | G8: =Thuysan!#REF! -> #REF!
A9: =_xlfn.AGGREGATE(3,3,$C$6:C9) -> 0 | B9: =Thuysan!#REF! -> #REF! | C9: =Thuysan!#REF! -> #REF! | D9: =Thuysan!#REF! -> #REF! | E9: =Thuysan!#REF! -> #REF! | F9: =Thuysan!#REF! -> #REF! | G9: =Thuysan!#REF! -> #REF! | H9: =Thuysan!#REF! -> #REF! | I9: =Thuysan!#REF! -> #REF!
A10: =_xlfn.AGGREGATE(3,3,$C$6:C10) -> 0 | B10: =Thuysan!#REF! -> #REF! | C10: =Thuysan!#REF! -> #REF! | F10: =Thuysan!#REF! -> #REF! | G10: =Thuysan!#REF! -> #REF!
A11: =_xlfn.AGGREGATE(3,3,$C$6:C11) -> 0 | B11: =Thuysan!#REF! -> #REF! | C11: =Thuysan!#REF! -> #REF! | F11: =Thuysan!#REF! -> #REF! | G11: =Thuysan!#REF! -> #REF!
A12: =_xlfn.AGGREGATE(3,3,$C$6:C12) -> 0 | B12: =Thuysan!#REF! -> #REF! | C12: =Thuysan!#REF! -> #REF! | F12: =Thuysan!#REF! -> #REF! | G12: =Thuysan!#REF! -> #REF!
A13: =_xlfn.AGGREGATE(3,3,$C$6:C13) -> 0 | B13: =Thuysan!#REF! -> #REF! | C13: =Thuysan!#REF! -> #REF! | E13: =Thuysan!#REF! -> #REF! | F13: =Thuysan!#REF! -> #REF! | G13: =Thuysan!#REF! -> #REF!
A14: =_xlfn.AGGREGATE(3,3,$C$6:C14) -> 0 | B14: =Thuysan!#REF! -> #REF! | C14: =Thuysan!#REF! -> #REF! | E14: =Thuysan!#REF! -> #REF! | F14: =Thuysan!#REF! -> #REF! | G14: =Thuysan!#REF! -> #REF!
A15: =_xlfn.AGGREGATE(3,3,$C$6:C15) -> 0 | B15: =Thuysan!#REF! -> #REF! | C15: =Thuysan!#REF! -> #REF! | E15: =Thuysan!#REF! -> #REF! | F15: =Thuysan!#REF! -> #REF! | G15: =Thuysan!#REF! -> #REF!
A16: =_xlfn.AGGREGATE(3,3,$C$6:C16) -> 0 | B16: =Thuysan!#REF! -> #REF! | C16: =Thuysan!#REF! -> #REF! | E16: =Thuysan!#REF! -> #REF! | F16: =Thuysan!#REF! -> #REF! | G16: =Thuysan!#REF! -> #REF!
A17: =_xlfn.AGGREGATE(3,3,$C$6:C17) -> 0 | B17: =Thuysan!#REF! -> #REF! | C17: =Thuysan!#REF! -> #REF! | E17: =Thuysan!#REF! -> #REF! | F17: =Thuysan!#REF! -> #REF! | G17: =Thuysan!#REF! -> #REF!
A18: =_xlfn.AGGREGATE(3,3,$C$6:C18) -> 0 | B18: =Thuysan!#REF! -> #REF! | C18: =Thuysan!#REF! -> #REF! | E18: =Thuysan!#REF! -> #REF! | F18: =Thuysan!#REF! -> #REF! | G18: =Thuysan!#REF! -> #REF!
A19: =_xlfn.AGGREGATE(3,3,$C$6:C19) -> 0 | B19: =Thuysan!#REF! -> #REF! | C19: =Thuysan!#REF! -> #REF! | E19: =Thuysan!#REF! -> #REF! | F19: =Thuysan!#REF! -> #REF! | G19: =Thuysan!#REF! -> #REF!
A20: =_xlfn.AGGREGATE(3,3,$C$6:C20) -> 0 | B20: =Thuysan!#REF! -> #REF! | C20: =Thuysan!#REF! -> #REF! | D20: =Thuysan!#REF! -> #REF! | E20: =Thuysan!#REF! -> #REF! | F20: =Thuysan!#REF! -> #REF! | G20: =Thuysan!#REF! -> #REF! | H20: =Thuysan!#REF! -> #REF! | I20: =Thuysan!#REF! -> #REF!
A21: =_xlfn.AGGREGATE(3,3,$C$6:C21) -> 0 | B21: =Thuysan!#REF! -> #REF! | C21: =Thuysan!#REF! -> #REF! | F21: =Thuysan!#REF! -> #REF! | G21: =Thuysan!#REF! -> #REF!
A22: =_xlfn.AGGREGATE(3,3,$C$6:C22) -> 0 | B22: =Thuysan!#REF! -> #REF! | C22: =Thuysan!#REF! -> #REF! | E22: =Thuysan!#REF! -> #REF! | F22: =Thuysan!#REF! -> #REF! | G22: =Thuysan!#REF! -> #REF!
A23: =_xlfn.AGGREGATE(3,3,$C$6:C23) -> 0 | B23: =Thuysan!#REF! -> #REF! | C23: =Thuysan!#REF! -> #REF! | F23: =Thuysan!#REF! -> #REF! | G23: =Thuysan!#REF! -> #REF!
A24: =_xlfn.AGGREGATE(3,3,$C$6:C24) -> 0 | B24: =Thuysan!#REF! -> #REF! | C24: =Thuysan!#REF! -> #REF! | D24: =Thuysan!#REF! -> #REF! | E24: =Thuysan!#REF! -> #REF! | F24: =Thuysan!#REF! -> #REF! | G24: =Thuysan!#REF! -> #REF! | H24: =Thuysan!#REF! -> #REF! | I24: =Thuysan!#REF! -> #REF!
A25: =_xlfn.AGGREGATE(3,3,$C$6:C25) -> 0 | B25: =Thuysan!#REF! -> #REF! | C25: =Thuysan!#REF! -> #REF! | F25: =Thuysan!#REF! -> #REF! | G25: =Thuysan!#REF! -> #REF!
A26: =_xlfn.AGGREGATE(3,3,$C$6:C26) -> 0 | B26: =Thuysan!#REF! -> #REF! | C26: =Thuysan!#REF! -> #REF! | D26: =Thuysan!#REF! -> #REF! | E26: =Thuysan!#REF! -> #REF! | F26: =Thuysan!#REF! -> #REF! | G26: =Thuysan!#REF! -> #REF! | H26: =Thuysan!#REF! -> #REF! | I26: =Thuysan!#REF! -> #REF!
A27: =_xlfn.AGGREGATE(3,3,$C$6:C27) -> 0 | B27: =Thuysan!#REF! -> #REF! | C27: =Thuysan!#REF! -> #REF! | F27: =Thuysan!#REF! -> #REF! | G27: =Thuysan!#REF! -> #REF!
A28: =_xlfn.AGGREGATE(3,3,$C$6:C28) -> 0 | B28: =Thuysan!#REF! -> #REF! | C28: =Thuysan!#REF! -> #REF! | F28: =Thuysan!#REF! -> #REF! | G28: =Thuysan!#REF! -> #REF!
A29: =_xlfn.AGGREGATE(3,3,$C$6:C29) -> 0 | B29: =Thuysan!#REF! -> #REF! | C29: =Thuysan!#REF! -> #REF! | F29: =Thuysan!#REF! -> #REF! | G29: =Thuysan!#REF! -> #REF!
A30: =_xlfn.AGGREGATE(3,3,$C$6:C30) -> 0 | B30: =Thuysan!#REF! -> #REF! | C30: =Thuysan!#REF! -> #REF! | D30: =Thuysan!#REF! -> #REF! | E30: =Thuysan!#REF! -> #REF! | F30: =Thuysan!#REF! -> #REF! | G30: =Thuysan!#REF! -> #REF! | H30: =Thuysan!#REF! -> #REF! | I30: =Thuysan!#REF! -> #REF!
A31: =_xlfn.AGGREGATE(3,3,$C$6:C31) -> 0 | B31: =Thuysan!#REF! -> #REF! | C31: =Thuysan!#REF! -> #REF! | F31: =Thuysan!#REF! -> #REF! | G31: =Thuysan!#REF! -> #REF!
A32: =_xlfn.AGGREGATE(3,3,$C$6:C32) -> 0 | B32: =Thuysan!#REF! -> #REF! | C32: =Thuysan!#REF! -> #REF! | D32: =Thuysan!#REF! -> #REF! | E32: =Thuysan!#REF! -> #REF! | F32: =Thuysan!#REF! -> #REF! | G32: =Thuysan!#REF! -> #REF! | H32: =Thuysan!#REF! -> #REF! | I32: =Thuysan!#REF! -> #REF!
A33: =_xlfn.AGGREGATE(3,3,$C$6:C33) -> 0 | B33: =Thuysan!#REF! -> #REF! | C33: =Thuysan!#REF! -> #REF! | F33: =Thuysan!#REF! -> #REF! | G33: =Thuysan!#REF! -> #REF!
A34: =_xlfn.AGGREGATE(3,3,$C$6:C34) -> 0 | B34: =Thuysan!#REF! -> #REF! | C34: =Thuysan!#REF! -> #REF! | F34: =Thuysan!#REF! -> #REF! | G34: =Thuysan!#REF! -> #REF!
A35: =_xlfn.AGGREGATE(3,3,$C$6:C35) -> 0 | B35: =Thuysan!#REF! -> #REF! | C35: =Thuysan!#REF! -> #REF! | F35: =Thuysan!#REF! -> #REF! | G35: =Thuysan!#REF! -> #REF!
A36: =_xlfn.AGGREGATE(3,3,$C$6:C36) -> 0 | B36: =Thuysan!#REF! -> #REF! | C36: =Thuysan!#REF! -> #REF! | F36: =Thuysan!#REF! -> #REF! | G36: =Thuysan!#REF! -> #REF!

Sheet T12.TT
A1: SỞ NÔNG NGHIỆP VÀ PTNT TỈNH BẾN TRE | F1: CỘNG HÒA XÃ HỘI CHỦ NGHĨA VIỆT NAM
A2: CHI CỤC QUẢN LÝ CHẤT LƯỢNG NÔNG LÂM SẢN VÀ THỦY SẢN | F2: Độc lập - Tự do - Hạnh phúc
A3: Số: 11/DL-QLCL | F3: Bến Tre, ngày 15 tháng 12 năm 2022
A4: TỔNG HỢP THÔNG TIN MẪU GIAO NHẬN THÁNG 12/2022
A6: TT | B6: Tên mẫu | C6: Mã số mẫu | D6: Mã số vùng nuôi | E6: Địa điểm lấy mẫu | F6: Khối lượng mẫu (kg) | G6: Chỉ tiêu phân tích | H6: Thời gian lấy mẫu | I6: Người lấy mẫu | J6: Ghi chú
A7: =_xlfn.AGGREGATE(3,3,$C$7:C7) -> 1 | B7: =Thuysan!O197 -> Tôm chân trắng thương phẩm | C7: =Thuysan!P197 -> 83/1222/01 | D7: =Thuysan!Q197 -> Ba Tri 83/01 | E7: =Thuysan!R197 -> Phạm Văn Ba - Ấp 7, Xã An Thủy | F7: =Thuysan!S197 -> 1 | G7: =Thuysan!T197 -> Chloramphenicol, Nhóm Quinolones | H7: =Thuysan!U197 -> 13/12/2022 | I7: =Thuysan!V197 -> Phạm Minh Thuận | J7: =Thuysan!W197 -> Ao 1
A8: =_xlfn.AGGREGATE(3,3,$C$7:C8) -> 2 | B8: =Thuysan!O198 -> Tôm chân trắng thương phẩm | C8: =Thuysan!P198 -> 83/1222/02 | F8: =Thuysan!S198 -> 1 | G8: =Thuysan!T198 -> Thuốc trừ sâu gốc Chlor hữu cơ, Pb, Hg, Cd | J8: =Thuysan!W198 -> Ao 2
A9: =_xlfn.AGGREGATE(3,3,$C$7:C9) -> 3 | B9: =Thuysan!O199 -> Tôm chân trắng thương phẩm | C9: =Thuysan!P199 -> 83/1222/03 | D9: =Thuysan!Q199 -> Bình Đại 83/02 | E9: =Thuysan!R199 -> Võ Huỳnh Tiến Nghĩa - Ấp 4, Xã Bình Thới | F9: =Thuysan!S199 -> 1 | G9: =Thuysan!T199 -> Chloramphenicol, Nhóm Quinolones | H9: =Thuysan!U199 -> 13/12/2022 | I9: =Thuysan!V199 -> Cao Quang Nguyên | J9: =Thuysan!W199 -> Ao 1
A10: =_xlfn.AGGREGATE(3,3,$C$7:C10) -> 4 | B10: =Thuysan!O200 -> Tôm chân trắng thương phẩm | C10: =Thuysan!P200 -> 83/1222/04 | F10: =Thuysan!S200 -> 1 | G10: =Thuysan!T200 -> Thuốc trừ sâu gốc Chlor hữu cơ, Pb, Hg, Cd | J10: =Thuysan!W200 -> Ao 2
A11: =_xlfn.AGGREGATE(3,3,$C$7:C11) -> 5 | B11: =Thuysan!O201 -> Tôm chân trắng thương phẩm | C11: =Thuysan!P201 -> 83/1222/05 | D11: =Thuysan!Q201 -> Thạnh Phú 83/03 | E11: =Thuysan!R201 -> Trần Văn Tần - Ấp Thạnh Thới B, Xã Thạnh Hải | F11: =Thuysan!S201 -> 1 | G11: =Thuysan!T201 -> Chloramphenicol, Nhóm Quinolones | H11: =Thuysan!U201 -> 14/12/2022 | J11: =Thuysan!W201 -> Ao 1
A12: =_xlfn.AGGREGATE(3,3,$C$7:C12) -> 6 | B12: =Thuysan!O202 -> Tôm chân trắng thương phẩm | C12: =Thuysan!P202 -> 83/1222/06 | F12: =Thuysan!S202 -> 1 | G12: =Thuysan!T202 -> Thuốc trừ sâu gốc Chlor hữu cơ, Pb, Hg, Cd | J12: =Thuysan!W202 -> Ao 2
A13: =_xlfn.AGGREGATE(3,3,$C$7:C13) -> 7 | B13: =Thuysan!O203 -> Cá tra thương phẩm | C13: =Thuysan!P203 -> 83/1222/07 | D13: =Thuysan!Q203 -> Châu Thành 83/05 | E13: =Thuysan!R203 -> Công ty CP Gò Đàng - ấp Tân Tây, Xã Tân Phú | F13: =Thuysan!S203 -> 1.5 | G13: =Thuysan!T203 -> Chloramphenicol, Nhóm Quinolones | H13: =Thuysan!U203 -> 13/12/2022 | I13: =Thuysan!V203 -> Phạm Châu An | J13: =Thuysan!W203 -> Ao 4
A14: =_xlfn.AGGREGATE(3,3,$C$7:C14) -> 8 | B14: =Thuysan!O204 -> Cá tra thương phẩm | C14: =Thuysan!P204 -> 83/1222/08 | F14: =Thuysan!S204 -> 1.5 | G14: =Thuysan!T204 -> Ivermectin, Praziquantel, Trichlorfon, Avermectin B1a, Malachite Green, Leuco Malachite Green, Crystal Violet, Leuco Crystal Violet | J14: =Thuysan!W204 -> Ao 5
A15: =_xlfn.AGGREGATE(3,3,$C$7:C15) -> 9 | B15: =Thuysan!O205 -> Cá tra thương phẩm | C15: =Thuysan!P205 -> 83/1222/09 | D15: =Thuysan!Q205 -> Giồng Trôm 83/06 | E15: =Thuysan!R205 -> Công ty CP Gò Đàng - Ấp 8, Xã Phước Long | F15: =Thuysan!S205 -> 1.5 | G15: =Thuysan!T205 -> Chloramphenicol, Nhóm Quinolones | H15: =Thuysan!U205 -> 14/12/2022 | I15: =Thuysan!V205 -> Phạm Minh Thuận | J15: =Thuysan!W205 -> Ao 1
